2025-05-25T06:46:30.284Z [32minfo[39m: 	DB connection established successfully!
2025-05-25T06:46:30.287Z [32minfo[39m: 	Listening to port 4003
2025-05-25T06:50:13.650Z [32minfo[39m: 	Type: OPTIONS -- Request: {} -- URL: http://localhost:4003/genai-explorations/data-extractor/extract -- Status: 200 -- Response Time: 2.339 ms

2025-05-25T06:52:27.510Z [32minfo[39m: 	DB connection established successfully!
2025-05-25T06:52:27.513Z [32minfo[39m: 	Listening to port 4003
2025-05-25T06:52:38.335Z [32minfo[39m: 	Type: OPTIONS -- Request: {} -- URL: http://localhost:4003/genai-explorations/data-extractor/extract -- Status: 204 -- Response Time: 1.666 ms

2025-05-25T06:52:38.342Z [32minfo[39m: 	Type: POST -- Request: {"doctype":"EID","filename":"EID_Front.jpg"} -- URL: http://localhost:4003/genai-explorations/data-extractor/extract -- Status: 404 -- Response Time: 4.578 ms

2025-05-25T06:54:59.535Z [32minfo[39m: 	DB connection established successfully!
2025-05-25T06:54:59.539Z [32minfo[39m: 	Listening to port 4003
2025-05-25T06:55:05.896Z [32minfo[39m: 	Type: OPTIONS -- Request: {} -- URL: http://localhost:4003/genai-explorations/data-extractor/extract -- Status: 204 -- Response Time: 1.534 ms

2025-05-25T06:55:05.900Z [32minfo[39m: 	ENTRY:: extractDocContent EID
2025-05-25T06:55:05.900Z [32minfo[39m: 	extractDocContent EID imagePath /Users/kiranjoshi/Documents/Kiran/projects/genai-explorations/data-extractor/assets/eid/ filename EID_Front.jpg filePath /Users/kiranjoshi/Documents/Kiran/projects/genai-explorations/data-extractor/assets/eid/EID_Front.jpg
2025-05-25T06:55:09.031Z [32minfo[39m: 	tessaract result Ee

A > : 5

—fa CS = HE So AE S\ rv evz LEY LL Le chp Caen) v Een)

= UNITED ARAB EMIRATES dn Ere SIE =)

= EDERAL AUTHORITY FOR IDENTITY & [Mil ly, SE SP PHRIR l ve

— CITIZENSHIP, CUSTOMS & PORT SECURITY (fff | SET AT) TO Fey ESET) = hs

— aN 5S Golden Card PAN A Li di, [18 aN

NY “Sug, 0S a /

—— SPH A 7 \ = —

— NY ~ ID Number /4; gg) aly Pg i-</ >

B Y 784-1993-6673081-2 -_ 4 oe

= > = Name: Balaji Padma Priya Venugopalan Balaji ANS 22 3 <

= r Date of Birth: 19/07/1993 dll ls

= 3 < S BN & B=

| hd
NRA St Issuing Date / laa) fu JU SUSE ek

~~ Signature /gAs Expiry Date /slgii¥) fy 5 4d sur BB

NO 19/09/2034 == PETAR ;

2025-05-25T06:55:09.031Z [32minfo[39m: 	ENTRY:: extractData doctype EID
2025-05-25T06:55:20.578Z [32minfo[39m: 	Open AI response {
  "full_name": "Balaji Padma Priya Venugopalan Balaji",
  "nationality": "",
  "gender": "",
  "date_of_birth": "1993-07-19",
  "id_number": "784-1993-6673081-2",
  "expiry_date": "2034-09-19",
  "issue_date": ""
}
2025-05-25T06:55:20.578Z [32minfo[39m: 	EXIT:: extractDocContent EID
2025-05-25T06:55:20.580Z [32minfo[39m: 	Type: POST -- Request: {"doctype":"EID","filename":"EID_Front.jpg"} -- URL: http://localhost:4003/genai-explorations/data-extractor/extract -- Status: 200 -- Response Time: 14682.653 ms

2025-05-25T06:55:58.358Z [32minfo[39m: 	Type: OPTIONS -- Request: {} -- URL: http://localhost:4003/genai-explorations/data-extractor/extract -- Status: 204 -- Response Time: 1.037 ms

2025-05-25T06:55:58.361Z [32minfo[39m: 	ENTRY:: extractDocContent EID
2025-05-25T06:55:58.362Z [32minfo[39m: 	extractDocContent EID imagePath /Users/kiranjoshi/Documents/Kiran/projects/genai-explorations/data-extractor/assets/eid/ filename EID_Front.jpg filePath /Users/kiranjoshi/Documents/Kiran/projects/genai-explorations/data-extractor/assets/eid/EID_Front.jpg
2025-05-25T06:56:01.343Z [32minfo[39m: 	tessaract result Ee

A > : 5

—fa CS = HE So AE S\ rv evz LEY LL Le chp Caen) v Een)

= UNITED ARAB EMIRATES dn Ere SIE =)

= EDERAL AUTHORITY FOR IDENTITY & [Mil ly, SE SP PHRIR l ve

— CITIZENSHIP, CUSTOMS & PORT SECURITY (fff | SET AT) TO Fey ESET) = hs

— aN 5S Golden Card PAN A Li di, [18 aN

NY “Sug, 0S a /

—— SPH A 7 \ = —

— NY ~ ID Number /4; gg) aly Pg i-</ >

B Y 784-1993-6673081-2 -_ 4 oe

= > = Name: Balaji Padma Priya Venugopalan Balaji ANS 22 3 <

= r Date of Birth: 19/07/1993 dll ls

= 3 < S BN & B=

| hd
NRA St Issuing Date / laa) fu JU SUSE ek

~~ Signature /gAs Expiry Date /slgii¥) fy 5 4d sur BB

NO 19/09/2034 == PETAR ;

2025-05-25T06:56:01.343Z [32minfo[39m: 	ENTRY:: extractData doctype EID
2025-05-25T06:56:03.482Z [32minfo[39m: 	Open AI response {
  "full_name": "Balaji Padma Priya Venugopalan Balaji",
  "nationality": "",
  "gender": "",
  "date_of_birth": "1993-07-19",
  "id_number": "784-1993-6673081-2",
  "expiry_date": "2034-09-19",
  "issue_date": ""
}
2025-05-25T06:56:03.482Z [32minfo[39m: 	EXIT:: extractDocContent EID
2025-05-25T06:56:03.483Z [32minfo[39m: 	Type: POST -- Request: {"doctype":"EID","filename":"EID_Front.jpg"} -- URL: http://localhost:4003/genai-explorations/data-extractor/extract -- Status: 200 -- Response Time: 5123.551 ms

2025-05-25T06:56:45.171Z [32minfo[39m: 	DB connection established successfully!
2025-05-25T06:56:45.174Z [32minfo[39m: 	Listening to port 4003
2025-05-25T06:56:59.040Z [32minfo[39m: 	Type: OPTIONS -- Request: {} -- URL: http://localhost:4003/genai-explorations/data-extractor/extract -- Status: 204 -- Response Time: 2.056 ms

2025-05-25T06:56:59.045Z [32minfo[39m: 	ENTRY:: extractDocContent EID
2025-05-25T06:56:59.046Z [32minfo[39m: 	extractDocContent EID imagePath /Users/kiranjoshi/Documents/Kiran/projects/genai-explorations/data-extractor/assets/eid/ filename EID_Front.jpg filePath /Users/kiranjoshi/Documents/Kiran/projects/genai-explorations/data-extractor/assets/eid/EID_Front.jpg
2025-05-25T06:57:02.479Z [32minfo[39m: 	tessaract result Ee

A > : 5

—fa CS = HE So AE S\ rv evz LEY LL Le chp Caen) v Een)

= UNITED ARAB EMIRATES dn Ere SIE =)

= EDERAL AUTHORITY FOR IDENTITY & [Mil ly, SE SP PHRIR l ve

— CITIZENSHIP, CUSTOMS & PORT SECURITY (fff | SET AT) TO Fey ESET) = hs

— aN 5S Golden Card PAN A Li di, [18 aN

NY “Sug, 0S a /

—— SPH A 7 \ = —

— NY ~ ID Number /4; gg) aly Pg i-</ >

B Y 784-1993-6673081-2 -_ 4 oe

= > = Name: Balaji Padma Priya Venugopalan Balaji ANS 22 3 <

= r Date of Birth: 19/07/1993 dll ls

= 3 < S BN & B=

| hd
NRA St Issuing Date / laa) fu JU SUSE ek

~~ Signature /gAs Expiry Date /slgii¥) fy 5 4d sur BB

NO 19/09/2034 == PETAR ;

2025-05-25T06:57:02.480Z [32minfo[39m: 	ENTRY:: extractData doctype EID
2025-05-25T06:57:04.141Z [32minfo[39m: 	Open AI response {
  "full_name": "Balaji Padma Priya Venugopalan Balaji",
  "nationality": "",
  "gender": "",
  "date_of_birth": "1993-07-19",
  "id_number": "784-1993-6673081-2",
  "expiry_date": "2034-09-19",
  "issue_date": ""
}
2025-05-25T06:57:04.141Z [32minfo[39m: 	EXIT:: extractDocContent EID
2025-05-25T06:57:04.143Z [32minfo[39m: 	Type: POST -- Request: {"doctype":"EID","filename":"EID_Front.jpg"} -- URL: http://localhost:4003/genai-explorations/data-extractor/extract -- Status: 200 -- Response Time: 5101.492 ms

2025-05-25T06:59:26.336Z [32minfo[39m: 	Type: GET -- Request: {} -- URL: http://localhost:4003/genai-explorations/data-extractor/extract -- Status: 404 -- Response Time: 1.248 ms

2025-05-25T06:59:32.031Z [32minfo[39m: 	ENTRY:: extractDocContent EID
2025-05-25T06:59:32.031Z [32minfo[39m: 	extractDocContent EID imagePath /Users/kiranjoshi/Documents/Kiran/projects/genai-explorations/data-extractor/assets/eid/ filename EID_Front.jpg filePath /Users/kiranjoshi/Documents/Kiran/projects/genai-explorations/data-extractor/assets/eid/EID_Front.jpg
2025-05-25T06:59:35.257Z [32minfo[39m: 	tessaract result Ee

A > : 5

—fa CS = HE So AE S\ rv evz LEY LL Le chp Caen) v Een)

= UNITED ARAB EMIRATES dn Ere SIE =)

= EDERAL AUTHORITY FOR IDENTITY & [Mil ly, SE SP PHRIR l ve

— CITIZENSHIP, CUSTOMS & PORT SECURITY (fff | SET AT) TO Fey ESET) = hs

— aN 5S Golden Card PAN A Li di, [18 aN

NY “Sug, 0S a /

—— SPH A 7 \ = —

— NY ~ ID Number /4; gg) aly Pg i-</ >

B Y 784-1993-6673081-2 -_ 4 oe

= > = Name: Balaji Padma Priya Venugopalan Balaji ANS 22 3 <

= r Date of Birth: 19/07/1993 dll ls

= 3 < S BN & B=

| hd
NRA St Issuing Date / laa) fu JU SUSE ek

~~ Signature /gAs Expiry Date /slgii¥) fy 5 4d sur BB

NO 19/09/2034 == PETAR ;

2025-05-25T06:59:35.257Z [32minfo[39m: 	ENTRY:: extractData doctype EID
2025-05-25T06:59:36.532Z [32minfo[39m: 	Open AI response {
  "full_name": "Balaji Padma Priya Venugopalan Balaji",
  "nationality": "United Arab Emirates",
  "gender": "",
  "date_of_birth": "1993-07-19",
  "id_number": "784-1993-6673081-2",
  "expiry_date": "2034-09-19",
  "issue_date": ""
}
2025-05-25T06:59:36.532Z [32minfo[39m: 	EXIT:: extractDocContent EID
2025-05-25T06:59:36.533Z [32minfo[39m: 	Type: POST -- Request: {"doctype":"EID","filename":"EID_Front.jpg"} -- URL: http://localhost:4003/genai-explorations/data-extractor/extract -- Status: 200 -- Response Time: 4501.962 ms

2025-05-25T07:01:36.142Z [32minfo[39m: 	Type: OPTIONS -- Request: {} -- URL: http://localhost:4003/genai-explorations/data-extractor/extract -- Status: 204 -- Response Time: 0.242 ms

2025-05-25T07:01:36.145Z [32minfo[39m: 	Type: POST -- Request: - -- URL: http://localhost:4003/genai-explorations/data-extractor/extract -- Status: 400 -- Response Time: 1.562 ms

2025-05-25T07:01:59.321Z [32minfo[39m: 	Type: OPTIONS -- Request: {} -- URL: http://localhost:4003/genai-explorations/data-extractor/extract -- Status: 204 -- Response Time: 0.197 ms

2025-05-25T07:01:59.322Z [32minfo[39m: 	ENTRY:: extractDocContent EID
2025-05-25T07:01:59.322Z [32minfo[39m: 	extractDocContent EID imagePath /Users/kiranjoshi/Documents/Kiran/projects/genai-explorations/data-extractor/assets/eid/ filename EID_Front.jpg filePath /Users/kiranjoshi/Documents/Kiran/projects/genai-explorations/data-extractor/assets/eid/EID_Front.jpg
2025-05-25T07:02:02.351Z [32minfo[39m: 	tessaract result Ee

A > : 5

—fa CS = HE So AE S\ rv evz LEY LL Le chp Caen) v Een)

= UNITED ARAB EMIRATES dn Ere SIE =)

= EDERAL AUTHORITY FOR IDENTITY & [Mil ly, SE SP PHRIR l ve

— CITIZENSHIP, CUSTOMS & PORT SECURITY (fff | SET AT) TO Fey ESET) = hs

— aN 5S Golden Card PAN A Li di, [18 aN

NY “Sug, 0S a /

—— SPH A 7 \ = —

— NY ~ ID Number /4; gg) aly Pg i-</ >

B Y 784-1993-6673081-2 -_ 4 oe

= > = Name: Balaji Padma Priya Venugopalan Balaji ANS 22 3 <

= r Date of Birth: 19/07/1993 dll ls

= 3 < S BN & B=

| hd
NRA St Issuing Date / laa) fu JU SUSE ek

~~ Signature /gAs Expiry Date /slgii¥) fy 5 4d sur BB

NO 19/09/2034 == PETAR ;

2025-05-25T07:02:02.351Z [32minfo[39m: 	ENTRY:: extractData doctype EID
2025-05-25T07:02:06.295Z [32minfo[39m: 	Open AI response {
  "full_name": "Balaji Padma Priya Venugopalan Balaji",
  "nationality": "United Arab Emirates",
  "gender": "",
  "date_of_birth": "1993-07-19",
  "id_number": "784-1993-6673081-2",
  "expiry_date": "2034-09-19",
  "issue_date": ""
}
2025-05-25T07:02:06.295Z [32minfo[39m: 	EXIT:: extractDocContent EID
2025-05-25T07:02:06.296Z [32minfo[39m: 	Type: POST -- Request: {"doctype":"EID","filename":"EID_Front.jpg"} -- URL: http://localhost:4003/genai-explorations/data-extractor/extract -- Status: 200 -- Response Time: 6973.773 ms

2025-05-25T07:04:12.019Z [32minfo[39m: 	DB connection established successfully!
2025-05-25T07:04:12.022Z [32minfo[39m: 	Listening to port 4003
2025-05-25T07:04:38.335Z [32minfo[39m: 	Type: OPTIONS -- Request: {} -- URL: http://localhost:4003/genai-explorations/data-extractor/extract -- Status: 204 -- Response Time: 1.693 ms

2025-05-25T07:05:15.463Z [32minfo[39m: 	DB connection established successfully!
2025-05-25T07:05:15.466Z [32minfo[39m: 	Listening to port 4003
2025-05-25T07:05:22.987Z [32minfo[39m: 	Type: OPTIONS -- Request: {} -- URL: http://localhost:4003/genai-explorations/data-extractor/extract -- Status: 204 -- Response Time: 1.509 ms

2025-05-25T07:05:22.991Z [32minfo[39m: 	ENTRY:: extractDocContent EID
2025-05-25T07:05:22.991Z [32minfo[39m: 	extractDocContent EID imagePath /Users/kiranjoshi/Documents/Kiran/projects/genai-explorations/data-extractor/assets/eid/ filename EID_Front.jpg filePath /Users/kiranjoshi/Documents/Kiran/projects/genai-explorations/data-extractor/assets/eid/EID_Front.jpg
2025-05-25T07:05:26.044Z [32minfo[39m: 	tessaract result Ee

A > : 5

—fa CS = HE So AE S\ rv evz LEY LL Le chp Caen) v Een)

= UNITED ARAB EMIRATES dn Ere SIE =)

= EDERAL AUTHORITY FOR IDENTITY & [Mil ly, SE SP PHRIR l ve

— CITIZENSHIP, CUSTOMS & PORT SECURITY (fff | SET AT) TO Fey ESET) = hs

— aN 5S Golden Card PAN A Li di, [18 aN

NY “Sug, 0S a /

—— SPH A 7 \ = —

— NY ~ ID Number /4; gg) aly Pg i-</ >

B Y 784-1993-6673081-2 -_ 4 oe

= > = Name: Balaji Padma Priya Venugopalan Balaji ANS 22 3 <

= r Date of Birth: 19/07/1993 dll ls

= 3 < S BN & B=

| hd
NRA St Issuing Date / laa) fu JU SUSE ek

~~ Signature /gAs Expiry Date /slgii¥) fy 5 4d sur BB

NO 19/09/2034 == PETAR ;

2025-05-25T07:05:26.044Z [32minfo[39m: 	ENTRY:: extractData doctype EID
2025-05-25T07:05:28.114Z [32minfo[39m: 	Open AI response {
  "full_name": "Balaji Padma Priya Venugopalan Balaji",
  "nationality": "",
  "gender": "",
  "date_of_birth": "1993-07-19",
  "id_number": "784-1993-6673081-2",
  "expiry_date": "2034-09-19",
  "issue_date": ""
}
2025-05-25T07:05:28.114Z [32minfo[39m: 	EXIT:: extractDocContent EID
2025-05-25T07:05:28.116Z [32minfo[39m: 	Type: POST -- Request: {"doctype":"EID","filename":"EID_Front.jpg"} -- URL: http://localhost:4003/genai-explorations/data-extractor/extract -- Status: 200 -- Response Time: 5127.815 ms

2025-05-25T10:21:10.307Z [32minfo[39m: 	DB connection established successfully!
2025-05-25T10:21:10.310Z [32minfo[39m: 	Listening to port 4003
2025-05-25T10:25:47.129Z [32minfo[39m: 	Type: POST -- Request: {} -- URL: http://localhost:4003/genai-explorations/data-extractor/upload -- Status: 500 -- Response Time: 10.875 ms

2025-05-25T10:26:32.002Z [32minfo[39m: 	Type: POST -- Request: {} -- URL: http://localhost:4003/genai-explorations/data-extractor/upload -- Status: 500 -- Response Time: 2.977 ms

2025-05-25T10:28:17.706Z [32minfo[39m: 	Type: POST -- Request: {} -- URL: http://localhost:4003/genai-explorations/data-extractor/upload -- Status: 500 -- Response Time: 2.100 ms

2025-05-25T10:29:41.648Z [32minfo[39m: 	Type: POST -- Request: {} -- URL: http://localhost:4003/genai-explorations/data-extractor/upload -- Status: 500 -- Response Time: 2.695 ms

2025-05-25T10:29:43.564Z [32minfo[39m: 	Type: POST -- Request: {} -- URL: http://localhost:4003/genai-explorations/data-extractor/upload -- Status: 500 -- Response Time: 2.508 ms

2025-05-25T10:30:02.202Z [32minfo[39m: 	Type: POST -- Request: {} -- URL: http://localhost:4003/genai-explorations/data-extractor/upload -- Status: 500 -- Response Time: 1.559 ms

2025-05-25T10:32:34.504Z [32minfo[39m: 	DB connection established successfully!
2025-05-25T10:32:34.508Z [32minfo[39m: 	Listening to port 4003
2025-05-25T10:32:37.281Z [32minfo[39m: 	Type: POST -- Request: {} -- URL: http://localhost:4003/genai-explorations/data-extractor/upload -- Status: 200 -- Response Time: 15.569 ms

2025-05-25T10:33:29.412Z [32minfo[39m: 	Type: POST -- Request: {} -- URL: http://localhost:4003/genai-explorations/data-extractor/upload -- Status: 200 -- Response Time: 2.885 ms

2025-05-25T10:34:42.561Z [32minfo[39m: 	Type: POST -- Request: {"doctype":"EID"} -- URL: http://localhost:4003/genai-explorations/data-extractor/upload -- Status: 200 -- Response Time: 2.816 ms

2025-05-25T10:35:35.908Z [32minfo[39m: 	DB connection established successfully!
2025-05-25T10:35:35.911Z [32minfo[39m: 	Listening to port 4003
2025-05-25T10:35:48.024Z [32minfo[39m: 	Type: POST -- Request: {"doctype":"EID"} -- URL: http://localhost:4003/genai-explorations/data-extractor/upload -- Status: 200 -- Response Time: 12.805 ms

2025-05-25T10:37:35.688Z [32minfo[39m: 	DB connection established successfully!
2025-05-25T10:37:35.691Z [32minfo[39m: 	Listening to port 4003
2025-05-25T10:37:38.263Z [32minfo[39m: 	Type: POST -- Request: {"doctype":"EID"} -- URL: http://localhost:4003/genai-explorations/data-extractor/upload -- Status: 500 -- Response Time: 11.600 ms

2025-05-25T10:37:38.864Z [32minfo[39m: 	Type: POST -- Request: {"doctype":"EID"} -- URL: http://localhost:4003/genai-explorations/data-extractor/upload -- Status: 500 -- Response Time: 3.888 ms

2025-05-25T10:40:09.855Z [32minfo[39m: 	DB connection established successfully!
2025-05-25T10:40:09.859Z [32minfo[39m: 	Listening to port 4003
2025-05-25T10:40:16.392Z [32minfo[39m: 	Type: POST -- Request: {} -- URL: http://localhost:4003/genai-explorations/data-extractor/upload -- Status: 500 -- Response Time: 9.442 ms

2025-05-25T10:40:31.631Z [32minfo[39m: 	Type: POST -- Request: {} -- URL: http://localhost:4003/genai-explorations/data-extractor/upload -- Status: 500 -- Response Time: 2.118 ms

2025-05-25T10:40:47.750Z [32minfo[39m: 	Type: POST -- Request: {} -- URL: http://localhost:4003/genai-explorations/data-extractor/upload -- Status: 500 -- Response Time: 1.818 ms

2025-05-25T10:41:10.291Z [32minfo[39m: 	DB connection established successfully!
2025-05-25T10:41:10.295Z [32minfo[39m: 	Listening to port 4003
2025-05-25T10:43:25.629Z [32minfo[39m: 	Type: POST -- Request: {} -- URL: http://localhost:4003/genai-explorations/data-extractor/upload -- Status: 500 -- Response Time: 132975.612 ms

2025-05-25T10:44:58.444Z [32minfo[39m: 	Type: POST -- Request: {} -- URL: http://localhost:4003/genai-explorations/data-extractor/upload?doctype=EID -- Status: 500 -- Response Time: 73744.300 ms

2025-05-25T10:45:13.729Z [32minfo[39m: 	Type: POST -- Request: {} -- URL: http://localhost:4003/genai-explorations/data-extractor/upload?doctype=EID -- Status: 500 -- Response Time: 1.624 ms

2025-05-25T10:45:25.074Z [32minfo[39m: 	Type: POST -- Request: {} -- URL: http://localhost:4003/genai-explorations/data-extractor/upload?doctype=EID -- Status: 500 -- Response Time: 1.592 ms

2025-05-25T10:45:28.428Z [32minfo[39m: 	Type: POST -- Request: {} -- URL: http://localhost:4003/genai-explorations/data-extractor/upload?doctype=EID -- Status: 500 -- Response Time: 1.774 ms

2025-05-25T10:45:42.950Z [32minfo[39m: 	DB connection established successfully!
2025-05-25T10:45:42.954Z [32minfo[39m: 	Listening to port 4003
2025-05-25T10:45:49.367Z [32minfo[39m: 	Type: POST -- Request: {} -- URL: http://localhost:4003/genai-explorations/data-extractor/upload?doctype=EID -- Status: 200 -- Response Time: 3726.270 ms

2025-05-25T10:46:14.980Z [32minfo[39m: 	Type: POST -- Request: {} -- URL: http://localhost:4003/genai-explorations/data-extractor/upload?doctype=PASSPORT -- Status: 200 -- Response Time: 3.814 ms

2025-05-25T10:46:34.810Z [32minfo[39m: 	DB connection established successfully!
2025-05-25T10:46:34.813Z [32minfo[39m: 	Listening to port 4003
2025-05-25T10:52:03.705Z [32minfo[39m: 	Type: POST -- Request: {} -- URL: http://localhost:4003/genai-explorations/data-extractor/upload -- Status: 500 -- Response Time: 12.669 ms

2025-05-25T10:55:10.603Z [32minfo[39m: 	Type: POST -- Request: {} -- URL: http://localhost:4003/genai-explorations/data-extractor/upload -- Status: 500 -- Response Time: 2.593 ms

2025-05-25T10:55:50.742Z [32minfo[39m: 	Type: POST -- Request: {} -- URL: http://localhost:4003/genai-explorations/data-extractor/upload?doctype= -- Status: 500 -- Response Time: 2.061 ms

2025-05-25T10:56:19.577Z [32minfo[39m: 	Type: POST -- Request: {} -- URL: http://localhost:4003/genai-explorations/data-extractor/upload?doctype= -- Status: 500 -- Response Time: 2.047 ms

2025-05-25T10:56:58.766Z [32minfo[39m: 	Type: POST -- Request: {} -- URL: http://localhost:4003/genai-explorations/data-extractor/upload?doctype= -- Status: 500 -- Response Time: 5.234 ms

2025-05-25T10:57:12.938Z [32minfo[39m: 	Type: POST -- Request: {} -- URL: http://localhost:4003/genai-explorations/data-extractor/upload?doctype=PASSPORT -- Status: 200 -- Response Time: 7.781 ms

2025-05-25T10:57:46.369Z [32minfo[39m: 	DB connection established successfully!
2025-05-25T10:57:46.373Z [32minfo[39m: 	Listening to port 4003
2025-05-25T10:59:43.852Z [32minfo[39m: 	Type: POST -- Request: {} -- URL: http://localhost:4003/genai-explorations/data-extractor/upload?doctype=EID -- Status: 200 -- Response Time: 12.119 ms

2025-05-25T11:05:30.533Z [32minfo[39m: 	Type: POST -- Request: {} -- URL: http://localhost:4003/genai-explorations/data-extractor/upload?doctype=EID -- Status: 200 -- Response Time: 4.427 ms

2025-05-25T11:05:37.127Z [32minfo[39m: 	Type: OPTIONS -- Request: {} -- URL: http://localhost:4003/genai-explorations/data-extractor/extract -- Status: 204 -- Response Time: 0.508 ms

2025-05-25T11:05:37.130Z [32minfo[39m: 	ENTRY:: extractDocContent EID
2025-05-25T11:05:37.130Z [32minfo[39m: 	extractDocContent EID imagePath /Users/kiranjoshi/Documents/Kiran/projects/genai-explorations/data-extractor/assets/eid/ filename EID_Front.jpg filePath /Users/kiranjoshi/Documents/Kiran/projects/genai-explorations/data-extractor/assets/eid/EID_Front.jpg
2025-05-25T11:05:40.164Z [32minfo[39m: 	tessaract result Ee

A > : 5

—fa CS = HE So AE S\ rv evz LEY LL Le chp Caen) v Een)

= UNITED ARAB EMIRATES dn Ere SIE =)

= EDERAL AUTHORITY FOR IDENTITY & [Mil ly, SE SP PHRIR l ve

— CITIZENSHIP, CUSTOMS & PORT SECURITY (fff | SET AT) TO Fey ESET) = hs

— aN 5S Golden Card PAN A Li di, [18 aN

NY “Sug, 0S a /

—— SPH A 7 \ = —

— NY ~ ID Number /4; gg) aly Pg i-</ >

B Y 784-1993-6673081-2 -_ 4 oe

= > = Name: Balaji Padma Priya Venugopalan Balaji ANS 22 3 <

= r Date of Birth: 19/07/1993 dll ls

= 3 < S BN & B=

| hd
NRA St Issuing Date / laa) fu JU SUSE ek

~~ Signature /gAs Expiry Date /slgii¥) fy 5 4d sur BB

NO 19/09/2034 == PETAR ;

2025-05-25T11:05:40.165Z [32minfo[39m: 	ENTRY:: extractData doctype EID
2025-05-25T11:05:42.120Z [32minfo[39m: 	Open AI response {
  "full_name": "Balaji Padma Priya Venugopalan Balaji",
  "nationality": "",
  "gender": "",
  "date_of_birth": "1993-07-19",
  "id_number": "784-1993-6673081-2",
  "expiry_date": "2034-09-19",
  "issue_date": ""
}
2025-05-25T11:05:42.121Z [32minfo[39m: 	EXIT:: extractDocContent EID
2025-05-25T11:05:42.121Z [32minfo[39m: 	Type: POST -- Request: {"doctype":"EID","filename":"EID_Front.jpg"} -- URL: http://localhost:4003/genai-explorations/data-extractor/extract -- Status: 200 -- Response Time: 4993.148 ms

2025-05-25T11:06:32.133Z [32minfo[39m: 	Type: POST -- Request: {} -- URL: http://localhost:4003/genai-explorations/data-extractor/upload?doctype=EID -- Status: 200 -- Response Time: 3.259 ms

2025-05-25T11:06:39.876Z [32minfo[39m: 	Type: OPTIONS -- Request: {} -- URL: http://localhost:4003/genai-explorations/data-extractor/extract -- Status: 204 -- Response Time: 0.232 ms

2025-05-25T11:06:39.877Z [32minfo[39m: 	ENTRY:: extractDocContent EID
2025-05-25T11:06:39.877Z [32minfo[39m: 	extractDocContent EID imagePath /Users/kiranjoshi/Documents/Kiran/projects/genai-explorations/data-extractor/assets/eid/ filename undefined filePath /Users/kiranjoshi/Documents/Kiran/projects/genai-explorations/data-extractor/assets/eid/undefined
2025-05-25T11:06:40.136Z [31merror[39m: 	EXIT:: error:: extractDocContent EID {"errno":-2,"code":"ENOENT","syscall":"open","path":"/Users/kiranjoshi/Documents/Kiran/projects/genai-explorations/data-extractor/assets/eid/undefined"}
2025-05-25T11:07:40.176Z [32minfo[39m: 	DB connection established successfully!
2025-05-25T11:07:40.179Z [32minfo[39m: 	Listening to port 4003
2025-05-25T11:07:41.343Z [32minfo[39m: 	Type: OPTIONS -- Request: {} -- URL: http://localhost:4003/genai-explorations/data-extractor/extract -- Status: 204 -- Response Time: 1.849 ms

2025-05-25T11:07:41.348Z [32minfo[39m: 	ENTRY:: extractDocContent EID
2025-05-25T11:07:41.348Z [32minfo[39m: 	extractDocContent EID imagePath /Users/kiranjoshi/Documents/Kiran/projects/genai-explorations/data-extractor/assets/eid/ filename undefined filePath /Users/kiranjoshi/Documents/Kiran/projects/genai-explorations/data-extractor/assets/eid/undefined
2025-05-25T11:07:41.602Z [31merror[39m: 	EXIT:: error:: extractDocContent EID {"errno":-2,"code":"ENOENT","syscall":"open","path":"/Users/kiranjoshi/Documents/Kiran/projects/genai-explorations/data-extractor/assets/eid/undefined"}
2025-05-25T11:09:14.309Z [32minfo[39m: 	DB connection established successfully!
2025-05-25T11:09:14.312Z [32minfo[39m: 	Listening to port 4003
2025-05-25T11:09:21.695Z [32minfo[39m: 	Type: OPTIONS -- Request: {} -- URL: http://localhost:4003/genai-explorations/data-extractor/extract -- Status: 204 -- Response Time: 2.710 ms

2025-05-25T11:09:21.699Z [32minfo[39m: 	ENTRY:: extractDocContent EID
2025-05-25T11:09:21.699Z [32minfo[39m: 	extractDocContent EID imagePath /Users/kiranjoshi/Documents/Kiran/projects/genai-explorations/data-extractor/assets/eid/ filename undefined filePath /Users/kiranjoshi/Documents/Kiran/projects/genai-explorations/data-extractor/assets/eid/undefined
2025-05-25T11:09:21.957Z [31merror[39m: 	EXIT:: error:: extractDocContent EID {"errno":-2,"code":"ENOENT","syscall":"open","path":"/Users/kiranjoshi/Documents/Kiran/projects/genai-explorations/data-extractor/assets/eid/undefined"}
2025-05-25T11:09:41.282Z [32minfo[39m: 	DB connection established successfully!
2025-05-25T11:09:41.285Z [32minfo[39m: 	Listening to port 4003
2025-05-25T11:09:44.799Z [32minfo[39m: 	Type: OPTIONS -- Request: {} -- URL: http://localhost:4003/genai-explorations/data-extractor/extract -- Status: 204 -- Response Time: 1.821 ms

2025-05-25T11:09:44.804Z [32minfo[39m: 	ENTRY:: extractDocContent EID
2025-05-25T11:09:44.804Z [32minfo[39m: 	extractDocContent EID imagePath /Users/kiranjoshi/Documents/Kiran/projects/genai-explorations/data-extractor/assets/eid/ filename undefined filePath /Users/kiranjoshi/Documents/Kiran/projects/genai-explorations/data-extractor/assets/eid/undefined
2025-05-25T11:09:45.070Z [31merror[39m: 	EXIT:: error:: extractDocContent EID {"errno":-2,"code":"ENOENT","syscall":"open","path":"/Users/kiranjoshi/Documents/Kiran/projects/genai-explorations/data-extractor/assets/eid/undefined"}
2025-05-25T11:09:59.296Z [32minfo[39m: 	DB connection established successfully!
2025-05-25T11:09:59.299Z [32minfo[39m: 	Listening to port 4003
2025-05-25T11:10:03.757Z [32minfo[39m: 	Type: POST -- Request: {} -- URL: http://localhost:4003/genai-explorations/data-extractor/upload?doctype=EID -- Status: 200 -- Response Time: 13.454 ms

2025-05-25T11:10:07.817Z [32minfo[39m: 	Type: OPTIONS -- Request: {} -- URL: http://localhost:4003/genai-explorations/data-extractor/extract -- Status: 204 -- Response Time: 0.577 ms

2025-05-25T11:10:07.820Z [32minfo[39m: 	ENTRY:: extractDocContent EID
2025-05-25T11:10:07.820Z [32minfo[39m: 	extractDocContent EID imagePath /Users/kiranjoshi/Documents/Kiran/projects/genai-explorations/data-extractor/assets/eid/ filename 1748171403748-EID_Suleman_2.jpeg filePath /Users/kiranjoshi/Documents/Kiran/projects/genai-explorations/data-extractor/assets/eid/1748171403748-EID_Suleman_2.jpeg
2025-05-25T11:10:09.695Z [32minfo[39m: 	tessaract result TED ARAB SERENE)
S57 Resident Wdentity Card he faa diay
XB . gr a)
; Cees
s ) A aw 16/08/1993 EES
Sa BERTIE
* SS
ae ER
FN 3 3 Date [jaa] £52 4 —
Cen EEE
$ LE. oe © Sex:
bs TIN 82 a0 x
Scanned with CamSc:
Reith 4700 AIR
Re Ne lt aby
TL ss TS i
TYE Br :
Shia. i
= Shoes
a ies) Gh 5)
Prasat ed |
2 12rp ES, SAE
5784199357496407
PLC CLLCCCC<S
EMAN<SULEMA
Scanned with CamSc:
—

2025-05-25T11:10:09.696Z [32minfo[39m: 	ENTRY:: extractData doctype EID
2025-05-25T11:10:11.617Z [32minfo[39m: 	Open AI response {
  "full_name": "EMAN SULEMA",
  "nationality": "",
  "gender": "",
  "date_of_birth": "1993-08-16",
  "id_number": "784199357496407",
  "expiry_date": "",
  "issue_date": ""
}
2025-05-25T11:10:11.617Z [32minfo[39m: 	EXIT:: extractDocContent EID
2025-05-25T11:10:11.618Z [32minfo[39m: 	Type: POST -- Request: {"doctype":"EID","filename":"1748171403748-EID_Suleman_2.jpeg"} -- URL: http://localhost:4003/genai-explorations/data-extractor/extract -- Status: 200 -- Response Time: 3799.178 ms

2025-05-25T11:12:00.224Z [32minfo[39m: 	Type: POST -- Request: {} -- URL: http://localhost:4003/genai-explorations/data-extractor/upload?doctype=EID -- Status: 200 -- Response Time: 25.271 ms

2025-05-25T11:14:11.503Z [32minfo[39m: 	Type: POST -- Request: {} -- URL: http://localhost:4003/genai-explorations/data-extractor/upload?doctype=EID -- Status: 200 -- Response Time: 2.650 ms

2025-05-25T11:14:15.120Z [32minfo[39m: 	Type: POST -- Request: {} -- URL: http://localhost:4003/genai-explorations/data-extractor/upload?doctype=EID -- Status: 200 -- Response Time: 1.949 ms

2025-05-25T11:15:41.312Z [32minfo[39m: 	Type: POST -- Request: {} -- URL: http://localhost:4003/genai-explorations/data-extractor/upload?doctype=EID -- Status: 200 -- Response Time: 2.218 ms

2025-05-25T11:15:51.308Z [32minfo[39m: 	Type: POST -- Request: {} -- URL: http://localhost:4003/genai-explorations/data-extractor/upload?doctype=EID -- Status: 200 -- Response Time: 3.457 ms

2025-05-25T11:20:25.297Z [32minfo[39m: 	Type: POST -- Request: {} -- URL: http://localhost:4003/genai-explorations/data-extractor/upload?doctype=EID -- Status: 200 -- Response Time: 1.976 ms

2025-05-25T11:20:28.318Z [32minfo[39m: 	Type: OPTIONS -- Request: {} -- URL: http://localhost:4003/genai-explorations/data-extractor/extract -- Status: 204 -- Response Time: 0.230 ms

2025-05-25T11:20:28.319Z [32minfo[39m: 	ENTRY:: extractDocContent EID
2025-05-25T11:20:28.319Z [32minfo[39m: 	extractDocContent EID imagePath /Users/kiranjoshi/Documents/Kiran/projects/genai-explorations/data-extractor/assets/eid/ filename 1748172025296-EID_Suleman_2.jpeg filePath /Users/kiranjoshi/Documents/Kiran/projects/genai-explorations/data-extractor/assets/eid/1748172025296-EID_Suleman_2.jpeg
2025-05-25T11:20:30.185Z [32minfo[39m: 	tessaract result TED ARAB SERENE)
S57 Resident Wdentity Card he faa diay
XB . gr a)
; Cees
s ) A aw 16/08/1993 EES
Sa BERTIE
* SS
ae ER
FN 3 3 Date [jaa] £52 4 —
Cen EEE
$ LE. oe © Sex:
bs TIN 82 a0 x
Scanned with CamSc:
Reith 4700 AIR
Re Ne lt aby
TL ss TS i
TYE Br :
Shia. i
= Shoes
a ies) Gh 5)
Prasat ed |
2 12rp ES, SAE
5784199357496407
PLC CLLCCCC<S
EMAN<SULEMA
Scanned with CamSc:
—

2025-05-25T11:20:30.185Z [32minfo[39m: 	ENTRY:: extractData doctype EID
2025-05-25T11:20:31.377Z [32minfo[39m: 	Open AI response {
  "full_name": "EMAN SULEMA",
  "nationality": "",
  "gender": "",
  "date_of_birth": "1993-08-16",
  "id_number": "5784199357496407",
  "expiry_date": "",
  "issue_date": ""
}
2025-05-25T11:20:31.377Z [32minfo[39m: 	EXIT:: extractDocContent EID
2025-05-25T11:20:31.378Z [32minfo[39m: 	Type: POST -- Request: {"doctype":"EID","filename":"1748172025296-EID_Suleman_2.jpeg"} -- URL: http://localhost:4003/genai-explorations/data-extractor/extract -- Status: 200 -- Response Time: 3059.434 ms

2025-05-25T11:20:36.948Z [32minfo[39m: 	Type: OPTIONS -- Request: {} -- URL: http://localhost:4003/genai-explorations/data-extractor/extract -- Status: 204 -- Response Time: 0.278 ms

2025-05-25T11:20:36.949Z [32minfo[39m: 	ENTRY:: extractDocContent EID
2025-05-25T11:20:36.950Z [32minfo[39m: 	extractDocContent EID imagePath /Users/kiranjoshi/Documents/Kiran/projects/genai-explorations/data-extractor/assets/eid/ filename 1748172025296-EID_Suleman_2.jpeg filePath /Users/kiranjoshi/Documents/Kiran/projects/genai-explorations/data-extractor/assets/eid/1748172025296-EID_Suleman_2.jpeg
2025-05-25T11:20:38.858Z [32minfo[39m: 	tessaract result TED ARAB SERENE)
S57 Resident Wdentity Card he faa diay
XB . gr a)
; Cees
s ) A aw 16/08/1993 EES
Sa BERTIE
* SS
ae ER
FN 3 3 Date [jaa] £52 4 —
Cen EEE
$ LE. oe © Sex:
bs TIN 82 a0 x
Scanned with CamSc:
Reith 4700 AIR
Re Ne lt aby
TL ss TS i
TYE Br :
Shia. i
= Shoes
a ies) Gh 5)
Prasat ed |
2 12rp ES, SAE
5784199357496407
PLC CLLCCCC<S
EMAN<SULEMA
Scanned with CamSc:
—

2025-05-25T11:20:38.858Z [32minfo[39m: 	ENTRY:: extractData doctype EID
2025-05-25T11:20:40.249Z [32minfo[39m: 	Open AI response {
  "full_name": "EMAN SULEMA",
  "nationality": "",
  "gender": "",
  "date_of_birth": "1993-08-16",
  "id_number": "784199357496407",
  "expiry_date": "",
  "issue_date": ""
}
2025-05-25T11:20:40.249Z [32minfo[39m: 	EXIT:: extractDocContent EID
2025-05-25T11:20:40.250Z [32minfo[39m: 	Type: POST -- Request: {"doctype":"EID","filename":"1748172025296-EID_Suleman_2.jpeg"} -- URL: http://localhost:4003/genai-explorations/data-extractor/extract -- Status: 200 -- Response Time: 3300.751 ms

2025-05-25T11:27:24.234Z [32minfo[39m: 	Type: POST -- Request: {} -- URL: http://localhost:4003/genai-explorations/data-extractor/upload?doctype=EID -- Status: 200 -- Response Time: 2.210 ms

2025-05-25T11:27:27.263Z [32minfo[39m: 	Type: OPTIONS -- Request: {} -- URL: http://localhost:4003/genai-explorations/data-extractor/extract -- Status: 204 -- Response Time: 0.247 ms

2025-05-25T11:27:27.265Z [32minfo[39m: 	ENTRY:: extractDocContent EID
2025-05-25T11:27:27.265Z [32minfo[39m: 	extractDocContent EID imagePath /Users/kiranjoshi/Documents/Kiran/projects/genai-explorations/data-extractor/assets/eid/ filename 1748172444232-EID_Suleman_2.jpeg filePath /Users/kiranjoshi/Documents/Kiran/projects/genai-explorations/data-extractor/assets/eid/1748172444232-EID_Suleman_2.jpeg
2025-05-25T11:27:29.140Z [32minfo[39m: 	tessaract result TED ARAB SERENE)
S57 Resident Wdentity Card he faa diay
XB . gr a)
; Cees
s ) A aw 16/08/1993 EES
Sa BERTIE
* SS
ae ER
FN 3 3 Date [jaa] £52 4 —
Cen EEE
$ LE. oe © Sex:
bs TIN 82 a0 x
Scanned with CamSc:
Reith 4700 AIR
Re Ne lt aby
TL ss TS i
TYE Br :
Shia. i
= Shoes
a ies) Gh 5)
Prasat ed |
2 12rp ES, SAE
5784199357496407
PLC CLLCCCC<S
EMAN<SULEMA
Scanned with CamSc:
—

2025-05-25T11:27:29.140Z [32minfo[39m: 	ENTRY:: extractData doctype EID
2025-05-25T11:27:30.219Z [32minfo[39m: 	Open AI response {
  "full_name": "EMAN SULEMA",
  "nationality": "",
  "gender": "",
  "date_of_birth": "1993-08-16",
  "id_number": "5784199357496407",
  "expiry_date": "",
  "issue_date": ""
}
2025-05-25T11:27:30.220Z [32minfo[39m: 	EXIT:: extractDocContent EID
2025-05-25T11:27:30.220Z [32minfo[39m: 	Type: POST -- Request: {"doctype":"EID","filename":"1748172444232-EID_Suleman_2.jpeg"} -- URL: http://localhost:4003/genai-explorations/data-extractor/extract -- Status: 200 -- Response Time: 2956.009 ms

2025-05-25T11:30:32.688Z [32minfo[39m: 	Type: POST -- Request: {} -- URL: http://localhost:4003/genai-explorations/data-extractor/upload?doctype=PASSPORT -- Status: 200 -- Response Time: 2.745 ms

2025-05-25T11:33:33.765Z [32minfo[39m: 	Type: POST -- Request: {} -- URL: http://localhost:4003/genai-explorations/data-extractor/upload?doctype=EID -- Status: 200 -- Response Time: 1.935 ms

2025-05-25T11:33:37.451Z [32minfo[39m: 	Type: OPTIONS -- Request: {} -- URL: http://localhost:4003/genai-explorations/data-extractor/extract -- Status: 204 -- Response Time: 0.221 ms

2025-05-25T11:33:37.452Z [32minfo[39m: 	ENTRY:: extractDocContent EID
2025-05-25T11:33:37.452Z [32minfo[39m: 	extractDocContent EID imagePath /Users/kiranjoshi/Documents/Kiran/projects/genai-explorations/data-extractor/assets/eid/ filename 1748172813764-EID_Suleman_2.jpeg filePath /Users/kiranjoshi/Documents/Kiran/projects/genai-explorations/data-extractor/assets/eid/1748172813764-EID_Suleman_2.jpeg
2025-05-25T11:33:39.255Z [32minfo[39m: 	tessaract result TED ARAB SERENE)
S57 Resident Wdentity Card he faa diay
XB . gr a)
; Cees
s ) A aw 16/08/1993 EES
Sa BERTIE
* SS
ae ER
FN 3 3 Date [jaa] £52 4 —
Cen EEE
$ LE. oe © Sex:
bs TIN 82 a0 x
Scanned with CamSc:
Reith 4700 AIR
Re Ne lt aby
TL ss TS i
TYE Br :
Shia. i
= Shoes
a ies) Gh 5)
Prasat ed |
2 12rp ES, SAE
5784199357496407
PLC CLLCCCC<S
EMAN<SULEMA
Scanned with CamSc:
—

2025-05-25T11:33:39.255Z [32minfo[39m: 	ENTRY:: extractData doctype EID
2025-05-25T11:33:40.714Z [32minfo[39m: 	Open AI response {
  "full_name": "EMAN SULEMA",
  "nationality": "",
  "gender": "",
  "date_of_birth": "1993-08-16",
  "id_number": "784199357496407",
  "expiry_date": "",
  "issue_date": ""
}
2025-05-25T11:33:40.714Z [32minfo[39m: 	EXIT:: extractDocContent EID
2025-05-25T11:33:40.714Z [32minfo[39m: 	Type: POST -- Request: {"doctype":"EID","filename":"1748172813764-EID_Suleman_2.jpeg"} -- URL: http://localhost:4003/genai-explorations/data-extractor/extract -- Status: 200 -- Response Time: 3262.616 ms

2025-05-25T11:35:19.295Z [32minfo[39m: 	Type: POST -- Request: {} -- URL: http://localhost:4003/genai-explorations/data-extractor/upload?doctype=EID -- Status: 200 -- Response Time: 2.542 ms

2025-05-25T11:35:23.226Z [32minfo[39m: 	Type: OPTIONS -- Request: {} -- URL: http://localhost:4003/genai-explorations/data-extractor/extract -- Status: 204 -- Response Time: 0.228 ms

2025-05-25T11:35:23.227Z [32minfo[39m: 	ENTRY:: extractDocContent EID
2025-05-25T11:35:23.227Z [32minfo[39m: 	extractDocContent EID imagePath /Users/kiranjoshi/Documents/Kiran/projects/genai-explorations/data-extractor/assets/eid/ filename 1748172919293-EID_Suleman_2.jpeg filePath /Users/kiranjoshi/Documents/Kiran/projects/genai-explorations/data-extractor/assets/eid/1748172919293-EID_Suleman_2.jpeg
2025-05-25T11:35:24.963Z [32minfo[39m: 	tessaract result TED ARAB SERENE)
S57 Resident Wdentity Card he faa diay
XB . gr a)
; Cees
s ) A aw 16/08/1993 EES
Sa BERTIE
* SS
ae ER
FN 3 3 Date [jaa] £52 4 —
Cen EEE
$ LE. oe © Sex:
bs TIN 82 a0 x
Scanned with CamSc:
Reith 4700 AIR
Re Ne lt aby
TL ss TS i
TYE Br :
Shia. i
= Shoes
a ies) Gh 5)
Prasat ed |
2 12rp ES, SAE
5784199357496407
PLC CLLCCCC<S
EMAN<SULEMA
Scanned with CamSc:
—

2025-05-25T11:35:24.963Z [32minfo[39m: 	ENTRY:: extractData doctype EID
2025-05-25T11:35:26.430Z [32minfo[39m: 	Open AI response {
  "full_name": "EMAN SULEMA",
  "nationality": "",
  "gender": "",
  "date_of_birth": "1993-08-16",
  "id_number": "5784199357496407",
  "expiry_date": "",
  "issue_date": ""
}
2025-05-25T11:35:26.430Z [32minfo[39m: 	EXIT:: extractDocContent EID
2025-05-25T11:35:26.431Z [32minfo[39m: 	Type: POST -- Request: {"doctype":"EID","filename":"1748172919293-EID_Suleman_2.jpeg"} -- URL: http://localhost:4003/genai-explorations/data-extractor/extract -- Status: 200 -- Response Time: 3204.202 ms

2025-05-25T11:36:26.521Z [32minfo[39m: 	Type: POST -- Request: {} -- URL: http://localhost:4003/genai-explorations/data-extractor/upload?doctype=EID -- Status: 200 -- Response Time: 2.551 ms

2025-05-25T11:36:27.951Z [32minfo[39m: 	Type: OPTIONS -- Request: {} -- URL: http://localhost:4003/genai-explorations/data-extractor/extract -- Status: 204 -- Response Time: 0.184 ms

2025-05-25T11:36:27.952Z [32minfo[39m: 	ENTRY:: extractDocContent EID
2025-05-25T11:36:27.952Z [32minfo[39m: 	extractDocContent EID imagePath /Users/kiranjoshi/Documents/Kiran/projects/genai-explorations/data-extractor/assets/eid/ filename 1748172986519-EID_Suleman_2.jpeg filePath /Users/kiranjoshi/Documents/Kiran/projects/genai-explorations/data-extractor/assets/eid/1748172986519-EID_Suleman_2.jpeg
2025-05-25T11:36:29.784Z [32minfo[39m: 	tessaract result TED ARAB SERENE)
S57 Resident Wdentity Card he faa diay
XB . gr a)
; Cees
s ) A aw 16/08/1993 EES
Sa BERTIE
* SS
ae ER
FN 3 3 Date [jaa] £52 4 —
Cen EEE
$ LE. oe © Sex:
bs TIN 82 a0 x
Scanned with CamSc:
Reith 4700 AIR
Re Ne lt aby
TL ss TS i
TYE Br :
Shia. i
= Shoes
a ies) Gh 5)
Prasat ed |
2 12rp ES, SAE
5784199357496407
PLC CLLCCCC<S
EMAN<SULEMA
Scanned with CamSc:
—

2025-05-25T11:36:29.784Z [32minfo[39m: 	ENTRY:: extractData doctype EID
2025-05-25T11:36:31.148Z [32minfo[39m: 	Open AI response {
  "full_name": "EMAN SULEMA",
  "nationality": "",
  "gender": "",
  "date_of_birth": "1993-08-16",
  "id_number": "784199357496407",
  "expiry_date": "",
  "issue_date": ""
}
2025-05-25T11:36:31.148Z [32minfo[39m: 	EXIT:: extractDocContent EID
2025-05-25T11:36:31.149Z [32minfo[39m: 	Type: POST -- Request: {"doctype":"EID","filename":"1748172986519-EID_Suleman_2.jpeg"} -- URL: http://localhost:4003/genai-explorations/data-extractor/extract -- Status: 200 -- Response Time: 3196.360 ms

2025-05-25T11:37:51.793Z [32minfo[39m: 	Type: POST -- Request: {} -- URL: http://localhost:4003/genai-explorations/data-extractor/upload?doctype=EID -- Status: 200 -- Response Time: 1.342 ms

2025-05-25T11:37:54.815Z [32minfo[39m: 	Type: OPTIONS -- Request: {} -- URL: http://localhost:4003/genai-explorations/data-extractor/extract -- Status: 204 -- Response Time: 0.171 ms

2025-05-25T11:37:54.816Z [32minfo[39m: 	ENTRY:: extractDocContent EID
2025-05-25T11:37:54.816Z [32minfo[39m: 	extractDocContent EID imagePath /Users/kiranjoshi/Documents/Kiran/projects/genai-explorations/data-extractor/assets/eid/ filename 1748173071792-EID_Suleman_2.jpeg filePath /Users/kiranjoshi/Documents/Kiran/projects/genai-explorations/data-extractor/assets/eid/1748173071792-EID_Suleman_2.jpeg
2025-05-25T11:37:56.756Z [32minfo[39m: 	tessaract result TED ARAB SERENE)
S57 Resident Wdentity Card he faa diay
XB . gr a)
; Cees
s ) A aw 16/08/1993 EES
Sa BERTIE
* SS
ae ER
FN 3 3 Date [jaa] £52 4 —
Cen EEE
$ LE. oe © Sex:
bs TIN 82 a0 x
Scanned with CamSc:
Reith 4700 AIR
Re Ne lt aby
TL ss TS i
TYE Br :
Shia. i
= Shoes
a ies) Gh 5)
Prasat ed |
2 12rp ES, SAE
5784199357496407
PLC CLLCCCC<S
EMAN<SULEMA
Scanned with CamSc:
—

2025-05-25T11:37:56.756Z [32minfo[39m: 	ENTRY:: extractData doctype EID
2025-05-25T11:37:58.551Z [32minfo[39m: 	Open AI response {
  "full_name": "EMAN SULEMA",
  "nationality": "",
  "gender": "",
  "date_of_birth": "1993-08-16",
  "id_number": "5784199357496407",
  "expiry_date": "",
  "issue_date": ""
}
2025-05-25T11:37:58.551Z [32minfo[39m: 	EXIT:: extractDocContent EID
2025-05-25T11:37:58.551Z [32minfo[39m: 	Type: POST -- Request: {"doctype":"EID","filename":"1748173071792-EID_Suleman_2.jpeg"} -- URL: http://localhost:4003/genai-explorations/data-extractor/extract -- Status: 200 -- Response Time: 3735.553 ms

2025-05-25T11:39:42.423Z [32minfo[39m: 	Type: POST -- Request: {} -- URL: http://localhost:4003/genai-explorations/data-extractor/upload?doctype=EID -- Status: 200 -- Response Time: 1.620 ms

2025-05-25T11:39:46.182Z [32minfo[39m: 	Type: OPTIONS -- Request: {} -- URL: http://localhost:4003/genai-explorations/data-extractor/extract -- Status: 204 -- Response Time: 0.313 ms

2025-05-25T11:39:46.184Z [32minfo[39m: 	ENTRY:: extractDocContent EID
2025-05-25T11:39:46.184Z [32minfo[39m: 	extractDocContent EID imagePath /Users/kiranjoshi/Documents/Kiran/projects/genai-explorations/data-extractor/assets/eid/ filename 1748173182421-EID_Suleman_2.jpeg filePath /Users/kiranjoshi/Documents/Kiran/projects/genai-explorations/data-extractor/assets/eid/1748173182421-EID_Suleman_2.jpeg
2025-05-25T11:39:47.959Z [32minfo[39m: 	tessaract result TED ARAB SERENE)
S57 Resident Wdentity Card he faa diay
XB . gr a)
; Cees
s ) A aw 16/08/1993 EES
Sa BERTIE
* SS
ae ER
FN 3 3 Date [jaa] £52 4 —
Cen EEE
$ LE. oe © Sex:
bs TIN 82 a0 x
Scanned with CamSc:
Reith 4700 AIR
Re Ne lt aby
TL ss TS i
TYE Br :
Shia. i
= Shoes
a ies) Gh 5)
Prasat ed |
2 12rp ES, SAE
5784199357496407
PLC CLLCCCC<S
EMAN<SULEMA
Scanned with CamSc:
—

2025-05-25T11:39:47.959Z [32minfo[39m: 	ENTRY:: extractData doctype EID
2025-05-25T11:39:49.099Z [32minfo[39m: 	Open AI response {
  "full_name": "EMAN SULEMA",
  "nationality": "",
  "gender": "",
  "date_of_birth": "1993-08-16",
  "id_number": "5784199357496407",
  "expiry_date": "",
  "issue_date": ""
}
2025-05-25T11:39:49.099Z [32minfo[39m: 	EXIT:: extractDocContent EID
2025-05-25T11:39:49.099Z [32minfo[39m: 	Type: POST -- Request: {"doctype":"EID","filename":"1748173182421-EID_Suleman_2.jpeg"} -- URL: http://localhost:4003/genai-explorations/data-extractor/extract -- Status: 200 -- Response Time: 2915.863 ms

2025-05-25T11:41:46.272Z [32minfo[39m: 	Type: POST -- Request: {} -- URL: http://localhost:4003/genai-explorations/data-extractor/upload?doctype=EID -- Status: 200 -- Response Time: 2.599 ms

2025-05-25T11:41:49.496Z [32minfo[39m: 	Type: OPTIONS -- Request: {} -- URL: http://localhost:4003/genai-explorations/data-extractor/extract -- Status: 204 -- Response Time: 0.247 ms

2025-05-25T11:41:49.497Z [32minfo[39m: 	ENTRY:: extractDocContent EID
2025-05-25T11:41:49.498Z [32minfo[39m: 	extractDocContent EID imagePath /Users/kiranjoshi/Documents/Kiran/projects/genai-explorations/data-extractor/assets/eid/ filename 1748173306271-EID_Suleman_2.jpeg filePath /Users/kiranjoshi/Documents/Kiran/projects/genai-explorations/data-extractor/assets/eid/1748173306271-EID_Suleman_2.jpeg
2025-05-25T11:41:51.274Z [32minfo[39m: 	tessaract result TED ARAB SERENE)
S57 Resident Wdentity Card he faa diay
XB . gr a)
; Cees
s ) A aw 16/08/1993 EES
Sa BERTIE
* SS
ae ER
FN 3 3 Date [jaa] £52 4 —
Cen EEE
$ LE. oe © Sex:
bs TIN 82 a0 x
Scanned with CamSc:
Reith 4700 AIR
Re Ne lt aby
TL ss TS i
TYE Br :
Shia. i
= Shoes
a ies) Gh 5)
Prasat ed |
2 12rp ES, SAE
5784199357496407
PLC CLLCCCC<S
EMAN<SULEMA
Scanned with CamSc:
—

2025-05-25T11:41:51.275Z [32minfo[39m: 	ENTRY:: extractData doctype EID
2025-05-25T11:41:54.570Z [32minfo[39m: 	Open AI response {
  "full_name": "EMAN SULEMA",
  "nationality": "",
  "gender": "",
  "date_of_birth": "1993-08-16",
  "id_number": "784199357496407",
  "expiry_date": "",
  "issue_date": ""
}
2025-05-25T11:41:54.570Z [32minfo[39m: 	EXIT:: extractDocContent EID
2025-05-25T11:41:54.570Z [32minfo[39m: 	Type: POST -- Request: {"doctype":"EID","filename":"1748173306271-EID_Suleman_2.jpeg"} -- URL: http://localhost:4003/genai-explorations/data-extractor/extract -- Status: 200 -- Response Time: 5073.085 ms

2025-05-25T11:44:13.214Z [32minfo[39m: 	DB connection established successfully!
2025-05-25T11:44:13.217Z [32minfo[39m: 	Listening to port 4003
2025-05-25T11:44:38.722Z [32minfo[39m: 	Type: POST -- Request: {} -- URL: http://localhost:4003/genai-explorations/data-extractor/upload?doctype=EID -- Status: 200 -- Response Time: 11.563 ms

2025-05-25T11:44:40.740Z [32minfo[39m: 	Type: OPTIONS -- Request: {} -- URL: http://localhost:4003/genai-explorations/data-extractor/extract -- Status: 204 -- Response Time: 0.676 ms

2025-05-25T11:44:40.744Z [32minfo[39m: 	ENTRY:: extractDocContent EID
2025-05-25T11:44:40.745Z [32minfo[39m: 	extractDocContent EID imagePath /Users/kiranjoshi/Documents/Kiran/projects/genai-explorations/data-extractor/assets/eid/ filename 1748173478716-EID_Suleman_2.jpeg filePath /Users/kiranjoshi/Documents/Kiran/projects/genai-explorations/data-extractor/assets/eid/1748173478716-EID_Suleman_2.jpeg
2025-05-25T11:44:42.572Z [32minfo[39m: 	tessaract result TED ARAB SERENE)
S57 Resident Wdentity Card he faa diay
XB . gr a)
; Cees
s ) A aw 16/08/1993 EES
Sa BERTIE
* SS
ae ER
FN 3 3 Date [jaa] £52 4 —
Cen EEE
$ LE. oe © Sex:
bs TIN 82 a0 x
Scanned with CamSc:
Reith 4700 AIR
Re Ne lt aby
TL ss TS i
TYE Br :
Shia. i
= Shoes
a ies) Gh 5)
Prasat ed |
2 12rp ES, SAE
5784199357496407
PLC CLLCCCC<S
EMAN<SULEMA
Scanned with CamSc:
—

2025-05-25T11:44:42.572Z [32minfo[39m: 	ENTRY:: extractData doctype EID
2025-05-25T11:44:43.907Z [32minfo[39m: 	Open AI response {
  "full_name": "EMAN SULEMAN",
  "nationality": "",
  "gender": "",
  "date_of_birth": "1993-08-16",
  "id_number": "784199357496407",
  "expiry_date": "",
  "issue_date": ""
}
2025-05-25T11:44:43.907Z [32minfo[39m: 	EXIT:: extractDocContent EID
2025-05-25T11:44:43.908Z [32minfo[39m: 	Type: POST -- Request: {"doctype":"EID","filename":"1748173478716-EID_Suleman_2.jpeg"} -- URL: http://localhost:4003/genai-explorations/data-extractor/extract -- Status: 200 -- Response Time: 3166.431 ms

2025-05-25T11:50:37.098Z [32minfo[39m: 	DB connection established successfully!
2025-05-25T11:50:37.102Z [32minfo[39m: 	Listening to port 4003
2025-05-25T11:50:58.970Z [32minfo[39m: 	Type: POST -- Request: {} -- URL: http://localhost:4003/genai-explorations/data-extractor/upload?doctype=EID -- Status: 200 -- Response Time: 10.869 ms

2025-05-25T11:51:06.112Z [32minfo[39m: 	Type: OPTIONS -- Request: {} -- URL: http://localhost:4003/genai-explorations/data-extractor/extract -- Status: 204 -- Response Time: 0.465 ms

2025-05-25T11:51:06.115Z [32minfo[39m: 	ENTRY:: extractDocContent EID
2025-05-25T11:51:06.115Z [32minfo[39m: 	extractDocContent EID imagePath /Users/kiranjoshi/Documents/Kiran/projects/genai-explorations/data-extractor/assets/eid/ filename 1748173858963-EID_Suleman_2.jpeg filePath /Users/kiranjoshi/Documents/Kiran/projects/genai-explorations/data-extractor/assets/eid/1748173858963-EID_Suleman_2.jpeg
2025-05-25T11:51:08.039Z [32minfo[39m: 	tessaract result TED ARAB SERENE)
S57 Resident Wdentity Card he faa diay
XB . gr a)
; Cees
s ) A aw 16/08/1993 EES
Sa BERTIE
* SS
ae ER
FN 3 3 Date [jaa] £52 4 —
Cen EEE
$ LE. oe © Sex:
bs TIN 82 a0 x
Scanned with CamSc:
Reith 4700 AIR
Re Ne lt aby
TL ss TS i
TYE Br :
Shia. i
= Shoes
a ies) Gh 5)
Prasat ed |
2 12rp ES, SAE
5784199357496407
PLC CLLCCCC<S
EMAN<SULEMA
Scanned with CamSc:
—

2025-05-25T11:51:08.039Z [32minfo[39m: 	ENTRY:: extractData doctype EID
2025-05-25T11:51:11.414Z [32minfo[39m: 	Open AI response {
  "full_name": "EMAN SULEMAN",
  "nationality": "",
  "gender": "",
  "date_of_birth": "1993-08-16",
  "id_number": "784199357496407",
  "expiry_date": "",
  "issue_date": ""
}
2025-05-25T11:51:11.415Z [32minfo[39m: 	EXIT:: extractDocContent EID
2025-05-25T11:51:11.416Z [32minfo[39m: 	Type: POST -- Request: {"doctype":"EID","filename":"1748173858963-EID_Suleman_2.jpeg"} -- URL: http://localhost:4003/genai-explorations/data-extractor/extract -- Status: 200 -- Response Time: 5302.406 ms

2025-05-25T11:53:31.633Z [32minfo[39m: 	Type: POST -- Request: {} -- URL: http://localhost:4003/genai-explorations/data-extractor/upload?doctype=EID -- Status: 200 -- Response Time: 2.737 ms

2025-05-25T11:53:34.535Z [32minfo[39m: 	Type: OPTIONS -- Request: {} -- URL: http://localhost:4003/genai-explorations/data-extractor/extract -- Status: 204 -- Response Time: 0.394 ms

2025-05-25T11:53:34.536Z [32minfo[39m: 	ENTRY:: extractDocContent EID
2025-05-25T11:53:34.537Z [32minfo[39m: 	extractDocContent EID imagePath /Users/kiranjoshi/Documents/Kiran/projects/genai-explorations/data-extractor/assets/eid/ filename 1748174011630-EID_Suleman_2.jpeg filePath /Users/kiranjoshi/Documents/Kiran/projects/genai-explorations/data-extractor/assets/eid/1748174011630-EID_Suleman_2.jpeg
2025-05-25T11:53:36.390Z [32minfo[39m: 	tessaract result TED ARAB SERENE)
S57 Resident Wdentity Card he faa diay
XB . gr a)
; Cees
s ) A aw 16/08/1993 EES
Sa BERTIE
* SS
ae ER
FN 3 3 Date [jaa] £52 4 —
Cen EEE
$ LE. oe © Sex:
bs TIN 82 a0 x
Scanned with CamSc:
Reith 4700 AIR
Re Ne lt aby
TL ss TS i
TYE Br :
Shia. i
= Shoes
a ies) Gh 5)
Prasat ed |
2 12rp ES, SAE
5784199357496407
PLC CLLCCCC<S
EMAN<SULEMA
Scanned with CamSc:
—

2025-05-25T11:53:36.390Z [32minfo[39m: 	ENTRY:: extractData doctype EID
2025-05-25T11:53:41.855Z [32minfo[39m: 	Open AI response {
  "full_name": "EMAN SULEMA",
  "nationality": "",
  "gender": "",
  "date_of_birth": "1993-08-16",
  "id_number": "784199357496407",
  "expiry_date": "",
  "issue_date": ""
}
2025-05-25T11:53:41.856Z [32minfo[39m: 	EXIT:: extractDocContent EID
2025-05-25T11:53:41.856Z [32minfo[39m: 	Type: POST -- Request: {"doctype":"EID","filename":"1748174011630-EID_Suleman_2.jpeg"} -- URL: http://localhost:4003/genai-explorations/data-extractor/extract -- Status: 200 -- Response Time: 7320.070 ms

2025-05-25T11:55:36.765Z [32minfo[39m: 	Type: POST -- Request: {} -- URL: http://localhost:4003/genai-explorations/data-extractor/upload?doctype=EID -- Status: 200 -- Response Time: 2.137 ms

2025-05-25T11:55:41.416Z [32minfo[39m: 	Type: OPTIONS -- Request: {} -- URL: http://localhost:4003/genai-explorations/data-extractor/extract -- Status: 204 -- Response Time: 0.198 ms

2025-05-25T11:55:41.418Z [32minfo[39m: 	ENTRY:: extractDocContent PASSPORT
2025-05-25T11:55:41.418Z [32minfo[39m: 	extractDocContent PASSPORT imagePath /Users/kiranjoshi/Documents/Kiran/projects/genai-explorations/data-extractor/assets/passport/ filename 1748174136762-EID_Suleman_2.jpeg filePath /Users/kiranjoshi/Documents/Kiran/projects/genai-explorations/data-extractor/assets/passport/1748174136762-EID_Suleman_2.jpeg
2025-05-25T11:55:41.665Z [31merror[39m: 	EXIT:: error:: extractDocContent PASSPORT {"errno":-2,"code":"ENOENT","syscall":"open","path":"/Users/kiranjoshi/Documents/Kiran/projects/genai-explorations/data-extractor/assets/passport/1748174136762-EID_Suleman_2.jpeg"}
2025-05-25T11:56:12.585Z [32minfo[39m: 	Type: POST -- Request: {"doctype":"PASSPORT","filename":"1748174136762-EID_Suleman_2.jpeg"} -- URL: http://localhost:4003/genai-explorations/data-extractor/extract -- Status: 200 -- Response Time: - ms

2025-05-25T11:56:20.472Z [32minfo[39m: 	Type: POST -- Request: {} -- URL: http://localhost:4003/genai-explorations/data-extractor/upload?doctype=PASSPORT -- Status: 200 -- Response Time: 1.959 ms

2025-05-25T11:56:24.265Z [32minfo[39m: 	Type: OPTIONS -- Request: {} -- URL: http://localhost:4003/genai-explorations/data-extractor/extract -- Status: 204 -- Response Time: 0.238 ms

2025-05-25T11:56:24.266Z [32minfo[39m: 	ENTRY:: extractDocContent PASSPORT
2025-05-25T11:56:24.266Z [32minfo[39m: 	extractDocContent PASSPORT imagePath /Users/kiranjoshi/Documents/Kiran/projects/genai-explorations/data-extractor/assets/passport/ filename 1748174180470-EID_Suleman_2.jpeg filePath /Users/kiranjoshi/Documents/Kiran/projects/genai-explorations/data-extractor/assets/passport/1748174180470-EID_Suleman_2.jpeg
2025-05-25T11:56:26.078Z [32minfo[39m: 	tessaract result TED ARAB SERENE)
S57 Resident Wdentity Card he faa diay
XB . gr a)
; Cees
s ) A aw 16/08/1993 EES
Sa BERTIE
* SS
ae ER
FN 3 3 Date [jaa] £52 4 —
Cen EEE
$ LE. oe © Sex:
bs TIN 82 a0 x
Scanned with CamSc:
Reith 4700 AIR
Re Ne lt aby
TL ss TS i
TYE Br :
Shia. i
= Shoes
a ies) Gh 5)
Prasat ed |
2 12rp ES, SAE
5784199357496407
PLC CLLCCCC<S
EMAN<SULEMA
Scanned with CamSc:
—

2025-05-25T11:56:26.078Z [32minfo[39m: 	ENTRY:: extractData doctype PASSPORT
2025-05-25T11:56:27.730Z [32minfo[39m: 	Open AI response {
  "Full Name": "EMAN SULEMA",
  "Passport Number": "",
  "Nationality": "",
  "Date of Birth": "16/08/1993",
  "Place of Birth": "",
  "Date of Issue": "",
  "Date of Expiry": "",
  "Gender": "",
  "Issuing Country": "",
  "Machine Readable Zone (MRZ)": "PLC CLLCCCC<S EMAN<SULEMA"
}
2025-05-25T11:56:27.730Z [32minfo[39m: 	EXIT:: extractDocContent PASSPORT
2025-05-25T11:56:27.730Z [32minfo[39m: 	Type: POST -- Request: {"doctype":"PASSPORT","filename":"1748174180470-EID_Suleman_2.jpeg"} -- URL: http://localhost:4003/genai-explorations/data-extractor/extract -- Status: 200 -- Response Time: 3463.766 ms

2025-05-25T11:59:41.232Z [32minfo[39m: 	Type: POST -- Request: {} -- URL: http://localhost:4003/genai-explorations/data-extractor/upload?doctype=EID -- Status: 200 -- Response Time: 2.133 ms

2025-05-25T11:59:43.835Z [32minfo[39m: 	Type: OPTIONS -- Request: {} -- URL: http://localhost:4003/genai-explorations/data-extractor/extract -- Status: 204 -- Response Time: 0.231 ms

2025-05-25T11:59:43.836Z [32minfo[39m: 	ENTRY:: extractDocContent EID
2025-05-25T11:59:43.836Z [32minfo[39m: 	extractDocContent EID imagePath /Users/kiranjoshi/Documents/Kiran/projects/genai-explorations/data-extractor/assets/eid/ filename 1748174381230-EID_Suleman_2.jpeg filePath /Users/kiranjoshi/Documents/Kiran/projects/genai-explorations/data-extractor/assets/eid/1748174381230-EID_Suleman_2.jpeg
2025-05-25T11:59:45.814Z [32minfo[39m: 	tessaract result TED ARAB SERENE)
S57 Resident Wdentity Card he faa diay
XB . gr a)
; Cees
s ) A aw 16/08/1993 EES
Sa BERTIE
* SS
ae ER
FN 3 3 Date [jaa] £52 4 —
Cen EEE
$ LE. oe © Sex:
bs TIN 82 a0 x
Scanned with CamSc:
Reith 4700 AIR
Re Ne lt aby
TL ss TS i
TYE Br :
Shia. i
= Shoes
a ies) Gh 5)
Prasat ed |
2 12rp ES, SAE
5784199357496407
PLC CLLCCCC<S
EMAN<SULEMA
Scanned with CamSc:
—

2025-05-25T11:59:45.814Z [32minfo[39m: 	ENTRY:: extractData doctype EID
2025-05-25T11:59:47.040Z [32minfo[39m: 	Open AI response {
  "full_name": "EMAN SULEMA",
  "nationality": "",
  "gender": "",
  "date_of_birth": "1993-08-16",
  "id_number": "784199357496407",
  "expiry_date": "",
  "issue_date": ""
}
2025-05-25T11:59:47.040Z [32minfo[39m: 	EXIT:: extractDocContent EID
2025-05-25T11:59:47.041Z [32minfo[39m: 	Type: POST -- Request: {"doctype":"EID","filename":"1748174381230-EID_Suleman_2.jpeg"} -- URL: http://localhost:4003/genai-explorations/data-extractor/extract -- Status: 200 -- Response Time: 3204.535 ms

2025-05-25T12:06:01.763Z [32minfo[39m: 	Type: POST -- Request: {} -- URL: http://localhost:4003/genai-explorations/data-extractor/upload?doctype=EID -- Status: 200 -- Response Time: 1.983 ms

2025-05-25T12:06:05.510Z [32minfo[39m: 	Type: OPTIONS -- Request: {} -- URL: http://localhost:4003/genai-explorations/data-extractor/extract -- Status: 204 -- Response Time: 0.188 ms

2025-05-25T12:06:05.511Z [32minfo[39m: 	ENTRY:: extractDocContent EID
2025-05-25T12:06:05.511Z [32minfo[39m: 	extractDocContent EID imagePath /Users/kiranjoshi/Documents/Kiran/projects/genai-explorations/data-extractor/assets/eid/ filename 1748174761761-EID_Suleman_2.jpeg filePath /Users/kiranjoshi/Documents/Kiran/projects/genai-explorations/data-extractor/assets/eid/1748174761761-EID_Suleman_2.jpeg
2025-05-25T12:06:07.576Z [32minfo[39m: 	tessaract result TED ARAB SERENE)
S57 Resident Wdentity Card he faa diay
XB . gr a)
; Cees
s ) A aw 16/08/1993 EES
Sa BERTIE
* SS
ae ER
FN 3 3 Date [jaa] £52 4 —
Cen EEE
$ LE. oe © Sex:
bs TIN 82 a0 x
Scanned with CamSc:
Reith 4700 AIR
Re Ne lt aby
TL ss TS i
TYE Br :
Shia. i
= Shoes
a ies) Gh 5)
Prasat ed |
2 12rp ES, SAE
5784199357496407
PLC CLLCCCC<S
EMAN<SULEMA
Scanned with CamSc:
—

2025-05-25T12:06:07.576Z [32minfo[39m: 	ENTRY:: extractData doctype EID
2025-05-25T12:06:08.960Z [32minfo[39m: 	Open AI response {
  "full_name": "EMAN SULEMA",
  "nationality": "",
  "gender": "",
  "date_of_birth": "1993-08-16",
  "id_number": "784199357496407",
  "expiry_date": "",
  "issue_date": ""
}
2025-05-25T12:06:08.960Z [32minfo[39m: 	EXIT:: extractDocContent EID
2025-05-25T12:06:08.960Z [32minfo[39m: 	Type: POST -- Request: {"doctype":"EID","filename":"1748174761761-EID_Suleman_2.jpeg"} -- URL: http://localhost:4003/genai-explorations/data-extractor/extract -- Status: 200 -- Response Time: 3449.722 ms

2025-05-25T12:07:55.409Z [32minfo[39m: 	Type: POST -- Request: {} -- URL: http://localhost:4003/genai-explorations/data-extractor/upload?doctype=EID -- Status: 200 -- Response Time: 2.013 ms

2025-05-25T12:07:58.488Z [32minfo[39m: 	Type: OPTIONS -- Request: {} -- URL: http://localhost:4003/genai-explorations/data-extractor/extract -- Status: 204 -- Response Time: 0.267 ms

2025-05-25T12:07:58.489Z [32minfo[39m: 	ENTRY:: extractDocContent EID
2025-05-25T12:07:58.489Z [32minfo[39m: 	extractDocContent EID imagePath /Users/kiranjoshi/Documents/Kiran/projects/genai-explorations/data-extractor/assets/eid/ filename 1748174875408-EID_Suleman_2.jpeg filePath /Users/kiranjoshi/Documents/Kiran/projects/genai-explorations/data-extractor/assets/eid/1748174875408-EID_Suleman_2.jpeg
2025-05-25T12:08:00.358Z [32minfo[39m: 	tessaract result TED ARAB SERENE)
S57 Resident Wdentity Card he faa diay
XB . gr a)
; Cees
s ) A aw 16/08/1993 EES
Sa BERTIE
* SS
ae ER
FN 3 3 Date [jaa] £52 4 —
Cen EEE
$ LE. oe © Sex:
bs TIN 82 a0 x
Scanned with CamSc:
Reith 4700 AIR
Re Ne lt aby
TL ss TS i
TYE Br :
Shia. i
= Shoes
a ies) Gh 5)
Prasat ed |
2 12rp ES, SAE
5784199357496407
PLC CLLCCCC<S
EMAN<SULEMA
Scanned with CamSc:
—

2025-05-25T12:08:00.359Z [32minfo[39m: 	ENTRY:: extractData doctype EID
2025-05-25T12:08:01.672Z [32minfo[39m: 	Open AI response {
  "full_name": "EMAN SULEMA",
  "nationality": "",
  "gender": "",
  "date_of_birth": "1993-08-16",
  "id_number": "784199357496407",
  "expiry_date": "",
  "issue_date": ""
}
2025-05-25T12:08:01.672Z [32minfo[39m: 	EXIT:: extractDocContent EID
2025-05-25T12:08:01.673Z [32minfo[39m: 	Type: POST -- Request: {"doctype":"EID","filename":"1748174875408-EID_Suleman_2.jpeg"} -- URL: http://localhost:4003/genai-explorations/data-extractor/extract -- Status: 200 -- Response Time: 3184.093 ms

2025-05-25T12:13:30.217Z [32minfo[39m: 	Type: POST -- Request: {} -- URL: http://localhost:4003/genai-explorations/data-extractor/upload?doctype=EID -- Status: 200 -- Response Time: 2.046 ms

2025-05-25T12:13:33.741Z [32minfo[39m: 	Type: OPTIONS -- Request: {} -- URL: http://localhost:4003/genai-explorations/data-extractor/extract -- Status: 204 -- Response Time: 0.274 ms

2025-05-25T12:13:33.742Z [32minfo[39m: 	ENTRY:: extractDocContent EID
2025-05-25T12:13:33.743Z [32minfo[39m: 	extractDocContent EID imagePath /Users/kiranjoshi/Documents/Kiran/projects/genai-explorations/data-extractor/assets/eid/ filename 1748175210215-EID_Suleman_2.jpeg filePath /Users/kiranjoshi/Documents/Kiran/projects/genai-explorations/data-extractor/assets/eid/1748175210215-EID_Suleman_2.jpeg
2025-05-25T12:13:35.588Z [32minfo[39m: 	tessaract result TED ARAB SERENE)
S57 Resident Wdentity Card he faa diay
XB . gr a)
; Cees
s ) A aw 16/08/1993 EES
Sa BERTIE
* SS
ae ER
FN 3 3 Date [jaa] £52 4 —
Cen EEE
$ LE. oe © Sex:
bs TIN 82 a0 x
Scanned with CamSc:
Reith 4700 AIR
Re Ne lt aby
TL ss TS i
TYE Br :
Shia. i
= Shoes
a ies) Gh 5)
Prasat ed |
2 12rp ES, SAE
5784199357496407
PLC CLLCCCC<S
EMAN<SULEMA
Scanned with CamSc:
—

2025-05-25T12:13:35.588Z [32minfo[39m: 	ENTRY:: extractData doctype EID
2025-05-25T12:13:37.050Z [32minfo[39m: 	Open AI response {
  "full_name": "EMAN SULEMA",
  "nationality": "",
  "gender": "",
  "date_of_birth": "1993-08-16",
  "id_number": "5784199357496407",
  "expiry_date": "",
  "issue_date": ""
}
2025-05-25T12:13:37.051Z [32minfo[39m: 	EXIT:: extractDocContent EID
2025-05-25T12:13:37.051Z [32minfo[39m: 	Type: POST -- Request: {"doctype":"EID","filename":"1748175210215-EID_Suleman_2.jpeg"} -- URL: http://localhost:4003/genai-explorations/data-extractor/extract -- Status: 200 -- Response Time: 3308.704 ms

2025-05-25T12:14:32.667Z [32minfo[39m: 	Type: POST -- Request: {} -- URL: http://localhost:4003/genai-explorations/data-extractor/upload?doctype=EID -- Status: 200 -- Response Time: 2.690 ms

2025-05-25T12:14:35.458Z [32minfo[39m: 	Type: OPTIONS -- Request: {} -- URL: http://localhost:4003/genai-explorations/data-extractor/extract -- Status: 204 -- Response Time: 0.324 ms

2025-05-25T12:14:35.460Z [32minfo[39m: 	ENTRY:: extractDocContent EID
2025-05-25T12:14:35.460Z [32minfo[39m: 	extractDocContent EID imagePath /Users/kiranjoshi/Documents/Kiran/projects/genai-explorations/data-extractor/assets/eid/ filename 1748175272665-EID_Suleman_2.jpeg filePath /Users/kiranjoshi/Documents/Kiran/projects/genai-explorations/data-extractor/assets/eid/1748175272665-EID_Suleman_2.jpeg
2025-05-25T12:14:37.327Z [32minfo[39m: 	tessaract result TED ARAB SERENE)
S57 Resident Wdentity Card he faa diay
XB . gr a)
; Cees
s ) A aw 16/08/1993 EES
Sa BERTIE
* SS
ae ER
FN 3 3 Date [jaa] £52 4 —
Cen EEE
$ LE. oe © Sex:
bs TIN 82 a0 x
Scanned with CamSc:
Reith 4700 AIR
Re Ne lt aby
TL ss TS i
TYE Br :
Shia. i
= Shoes
a ies) Gh 5)
Prasat ed |
2 12rp ES, SAE
5784199357496407
PLC CLLCCCC<S
EMAN<SULEMA
Scanned with CamSc:
—

2025-05-25T12:14:37.327Z [32minfo[39m: 	ENTRY:: extractData doctype EID
2025-05-25T12:14:38.847Z [32minfo[39m: 	Open AI response {
  "full_name": "SULEMAN EMAN",
  "nationality": "",
  "gender": "",
  "date_of_birth": "1993-08-16",
  "id_number": "784199357496407",
  "expiry_date": "",
  "issue_date": ""
}
2025-05-25T12:14:38.848Z [32minfo[39m: 	EXIT:: extractDocContent EID
2025-05-25T12:14:38.848Z [32minfo[39m: 	Type: POST -- Request: {"doctype":"EID","filename":"1748175272665-EID_Suleman_2.jpeg"} -- URL: http://localhost:4003/genai-explorations/data-extractor/extract -- Status: 200 -- Response Time: 3388.501 ms

2025-05-25T12:15:44.210Z [32minfo[39m: 	Type: POST -- Request: {} -- URL: http://localhost:4003/genai-explorations/data-extractor/upload?doctype=EID -- Status: 200 -- Response Time: 1.340 ms

2025-05-25T12:15:46.259Z [32minfo[39m: 	Type: OPTIONS -- Request: {} -- URL: http://localhost:4003/genai-explorations/data-extractor/extract -- Status: 204 -- Response Time: 0.189 ms

2025-05-25T12:15:46.260Z [32minfo[39m: 	ENTRY:: extractDocContent EID
2025-05-25T12:15:46.260Z [32minfo[39m: 	extractDocContent EID imagePath /Users/kiranjoshi/Documents/Kiran/projects/genai-explorations/data-extractor/assets/eid/ filename 1748175344209-EID_Suleman_2.jpeg filePath /Users/kiranjoshi/Documents/Kiran/projects/genai-explorations/data-extractor/assets/eid/1748175344209-EID_Suleman_2.jpeg
2025-05-25T12:15:48.115Z [32minfo[39m: 	tessaract result TED ARAB SERENE)
S57 Resident Wdentity Card he faa diay
XB . gr a)
; Cees
s ) A aw 16/08/1993 EES
Sa BERTIE
* SS
ae ER
FN 3 3 Date [jaa] £52 4 —
Cen EEE
$ LE. oe © Sex:
bs TIN 82 a0 x
Scanned with CamSc:
Reith 4700 AIR
Re Ne lt aby
TL ss TS i
TYE Br :
Shia. i
= Shoes
a ies) Gh 5)
Prasat ed |
2 12rp ES, SAE
5784199357496407
PLC CLLCCCC<S
EMAN<SULEMA
Scanned with CamSc:
—

2025-05-25T12:15:48.115Z [32minfo[39m: 	ENTRY:: extractData doctype EID
2025-05-25T12:15:49.520Z [32minfo[39m: 	Open AI response {
  "full_name": "EMAN SULEMA",
  "nationality": "",
  "gender": "",
  "date_of_birth": "1993-08-16",
  "id_number": "784199357496407",
  "expiry_date": "",
  "issue_date": ""
}
2025-05-25T12:15:49.520Z [32minfo[39m: 	EXIT:: extractDocContent EID
2025-05-25T12:15:49.521Z [32minfo[39m: 	Type: POST -- Request: {"doctype":"EID","filename":"1748175344209-EID_Suleman_2.jpeg"} -- URL: http://localhost:4003/genai-explorations/data-extractor/extract -- Status: 200 -- Response Time: 3260.908 ms

2025-05-25T12:16:08.027Z [32minfo[39m: 	Type: OPTIONS -- Request: {} -- URL: http://localhost:4003/genai-explorations/data-extractor/extract -- Status: 204 -- Response Time: 0.225 ms

2025-05-25T12:16:08.028Z [32minfo[39m: 	ENTRY:: extractDocContent EID
2025-05-25T12:16:08.028Z [32minfo[39m: 	extractDocContent EID imagePath /Users/kiranjoshi/Documents/Kiran/projects/genai-explorations/data-extractor/assets/eid/ filename 1748175344209-EID_Suleman_2.jpeg filePath /Users/kiranjoshi/Documents/Kiran/projects/genai-explorations/data-extractor/assets/eid/1748175344209-EID_Suleman_2.jpeg
2025-05-25T12:16:09.836Z [32minfo[39m: 	tessaract result TED ARAB SERENE)
S57 Resident Wdentity Card he faa diay
XB . gr a)
; Cees
s ) A aw 16/08/1993 EES
Sa BERTIE
* SS
ae ER
FN 3 3 Date [jaa] £52 4 —
Cen EEE
$ LE. oe © Sex:
bs TIN 82 a0 x
Scanned with CamSc:
Reith 4700 AIR
Re Ne lt aby
TL ss TS i
TYE Br :
Shia. i
= Shoes
a ies) Gh 5)
Prasat ed |
2 12rp ES, SAE
5784199357496407
PLC CLLCCCC<S
EMAN<SULEMA
Scanned with CamSc:
—

2025-05-25T12:16:09.836Z [32minfo[39m: 	ENTRY:: extractData doctype EID
2025-05-25T12:16:11.267Z [32minfo[39m: 	Open AI response {
  "full_name": "EMAN SULEMA",
  "nationality": "",
  "gender": "",
  "date_of_birth": "1993-08-16",
  "id_number": "784199357496407",
  "expiry_date": "",
  "issue_date": ""
}
2025-05-25T12:16:11.267Z [32minfo[39m: 	EXIT:: extractDocContent EID
2025-05-25T12:16:11.268Z [32minfo[39m: 	Type: POST -- Request: {"doctype":"EID","filename":"1748175344209-EID_Suleman_2.jpeg"} -- URL: http://localhost:4003/genai-explorations/data-extractor/extract -- Status: 200 -- Response Time: 3239.711 ms

2025-05-25T12:16:46.332Z [32minfo[39m: 	ENTRY:: extractDocContent PASSPORT
2025-05-25T12:16:46.332Z [32minfo[39m: 	extractDocContent PASSPORT imagePath /Users/kiranjoshi/Documents/Kiran/projects/genai-explorations/data-extractor/assets/passport/ filename Passport_Front.jpg filePath /Users/kiranjoshi/Documents/Kiran/projects/genai-explorations/data-extractor/assets/passport/Passport_Front.jpg
2025-05-25T12:16:49.254Z [32minfo[39m: 	tessaract result em er oo Gc SEE ESD Bley
i URAYURISA REPUBLIC OF INDIA |
E—— 1 TA) ¥ieg ws / Country Code areralE wi./ Passport No.
; = P IND $1936123
' Summ Sumame : i
JOSHI
. © Rw nan we / Given Name(s) pe Bln
KIRAN a $e |
| | ga Nationality fem ex SEAM Doo of Birth
HII / INDIAN Mo 1070971988 |
wer Place of Birth ARE ER eg
NARVA, TELANGANA Lr ER
— \ TT Grd ww un wena / Place of issug’ "iz as 4
tf “1 HYDERABAD fe Res :
a Sid wr 4 (oid / Date of Issue wie wi ffbr7 Dane of Expiry
L ee LL. oiUREERS
P<INDJOSHIK<KKIRANCLCLLLLLLLLLLLLLLLLLLLLLLLLK
$1936123<1INDBBO9106M28B06055<<<<LLLLLLLLLLLO
ee EE, B »

2025-05-25T12:16:49.254Z [32minfo[39m: 	ENTRY:: extractData doctype PASSPORT
2025-05-25T12:16:51.207Z [32minfo[39m: 	Open AI response {
  "Full Name": "KIRAN JOSHI",
  "Passport Number": "S1936123",
  "Nationality": "INDIAN",
  "Date of Birth": "07/09/1988",
  "Place of Birth": "NARVA, TELANGANA",
  "Date of Issue": "",
  "Date of Expiry": "",
  "Gender": "",
  "Issuing Country": "IND",
  "Machine Readable Zone (MRZ)": "P<INDJOSHIK<KKIRANCLCLLLLLLLLLLLLLLLLLLLLLLLLK\n$1936123<1INDBBO9106M28B06055<<<<LLLLLLLLLLLO"
}
2025-05-25T12:16:51.207Z [32minfo[39m: 	EXIT:: extractDocContent PASSPORT
2025-05-25T12:16:51.208Z [32minfo[39m: 	Type: POST -- Request: {"doctype":"PASSPORT","filename":"Passport_Front.jpg"} -- URL: http://localhost:4003/genai-explorations/data-extractor/extract -- Status: 200 -- Response Time: 4875.590 ms

2025-05-25T12:18:44.535Z [32minfo[39m: 	DB connection established successfully!
2025-05-25T12:18:44.538Z [32minfo[39m: 	Listening to port 4003
2025-05-25T12:18:49.329Z [32minfo[39m: 	ENTRY:: extractDocContent PASSPORT
2025-05-25T12:18:49.329Z [32minfo[39m: 	extractDocContent PASSPORT imagePath /Users/kiranjoshi/Documents/Kiran/projects/genai-explorations/data-extractor/assets/passport/ filename Passport_Front.jpg filePath /Users/kiranjoshi/Documents/Kiran/projects/genai-explorations/data-extractor/assets/passport/Passport_Front.jpg
2025-05-25T12:18:52.082Z [32minfo[39m: 	tessaract result em er oo Gc SEE ESD Bley
i URAYURISA REPUBLIC OF INDIA |
E—— 1 TA) ¥ieg ws / Country Code areralE wi./ Passport No.
; = P IND $1936123
' Summ Sumame : i
JOSHI
. © Rw nan we / Given Name(s) pe Bln
KIRAN a $e |
| | ga Nationality fem ex SEAM Doo of Birth
HII / INDIAN Mo 1070971988 |
wer Place of Birth ARE ER eg
NARVA, TELANGANA Lr ER
— \ TT Grd ww un wena / Place of issug’ "iz as 4
tf “1 HYDERABAD fe Res :
a Sid wr 4 (oid / Date of Issue wie wi ffbr7 Dane of Expiry
L ee LL. oiUREERS
P<INDJOSHIK<KKIRANCLCLLLLLLLLLLLLLLLLLLLLLLLLK
$1936123<1INDBBO9106M28B06055<<<<LLLLLLLLLLLO
ee EE, B »

2025-05-25T12:18:52.082Z [32minfo[39m: 	ENTRY:: extractData doctype PASSPORT
2025-05-25T12:18:54.877Z [32minfo[39m: 	Open AI response ```json
{
  "full_name": "KIRAN JOSHI",
  "id_number": "S1936123",
  "nationality": "INDIAN",
  "dob": "07/09/1988",
  "place_of_birth": "NARVA, TELANGANA",
  "date_of_issue": "",
  "date_of_expiry": "",
  "gender": "M",
  "issuing_country": "INDIA",
  "mrz": "P<INDJOSHIK<KKIRANCLCLLLLLLLLLLLLLLLLLLLLLLLK\n$1936123<1INDBBO9106M28B06055<<<<LLLLLLLLLLLO"
}
```
2025-05-25T12:18:54.877Z [32minfo[39m: 	EXIT:: extractDocContent PASSPORT
2025-05-25T12:18:54.878Z [31merror[39m: 	EXIT:: error:: extractDocContent PASSPORT {}
2025-05-25T12:19:27.166Z [32minfo[39m: 	Type: POST -- Request: {"doctype":"PASSPORT","filename":"Passport_Front.jpg"} -- URL: http://localhost:4003/genai-explorations/data-extractor/extract -- Status: 200 -- Response Time: - ms

2025-05-25T12:19:29.098Z [32minfo[39m: 	ENTRY:: extractDocContent PASSPORT
2025-05-25T12:19:29.098Z [32minfo[39m: 	extractDocContent PASSPORT imagePath /Users/kiranjoshi/Documents/Kiran/projects/genai-explorations/data-extractor/assets/passport/ filename Passport_Front.jpg filePath /Users/kiranjoshi/Documents/Kiran/projects/genai-explorations/data-extractor/assets/passport/Passport_Front.jpg
2025-05-25T12:19:32.133Z [32minfo[39m: 	tessaract result em er oo Gc SEE ESD Bley
i URAYURISA REPUBLIC OF INDIA |
E—— 1 TA) ¥ieg ws / Country Code areralE wi./ Passport No.
; = P IND $1936123
' Summ Sumame : i
JOSHI
. © Rw nan we / Given Name(s) pe Bln
KIRAN a $e |
| | ga Nationality fem ex SEAM Doo of Birth
HII / INDIAN Mo 1070971988 |
wer Place of Birth ARE ER eg
NARVA, TELANGANA Lr ER
— \ TT Grd ww un wena / Place of issug’ "iz as 4
tf “1 HYDERABAD fe Res :
a Sid wr 4 (oid / Date of Issue wie wi ffbr7 Dane of Expiry
L ee LL. oiUREERS
P<INDJOSHIK<KKIRANCLCLLLLLLLLLLLLLLLLLLLLLLLLK
$1936123<1INDBBO9106M28B06055<<<<LLLLLLLLLLLO
ee EE, B »

2025-05-25T12:19:32.133Z [32minfo[39m: 	ENTRY:: extractData doctype PASSPORT
2025-05-25T12:19:35.620Z [32minfo[39m: 	Open AI response {
  "full_name": "KIRAN JOSHI",
  "id_number": "S1936123",
  "nationality": "INDIAN",
  "dob": "07/09/1988",
  "place_of_birth": "NARVA, TELANGANA",
  "date_of_issue": "07/06/2019",
  "date_of_expiry": "06/06/2029",
  "gender": "",
  "issuing_country": "IND",
  "mrz": "P<INDJOSHIK<KKIRANCLCLLLLLLLLLLLLLLLLLLLLLLLLK\n$1936123<1INDBBO9106M28B06055<<<<LLLLLLLLLLLO"
}
2025-05-25T12:19:35.620Z [32minfo[39m: 	EXIT:: extractDocContent PASSPORT
2025-05-25T12:19:35.622Z [32minfo[39m: 	Type: POST -- Request: {"doctype":"PASSPORT","filename":"Passport_Front.jpg"} -- URL: http://localhost:4003/genai-explorations/data-extractor/extract -- Status: 200 -- Response Time: 6524.401 ms

2025-05-25T12:19:39.354Z [32minfo[39m: 	DB connection established successfully!
2025-05-25T12:19:39.358Z [32minfo[39m: 	Listening to port 4003
2025-05-25T12:19:52.440Z [32minfo[39m: 	ENTRY:: extractDocContent PASSPORT
2025-05-25T12:19:52.441Z [32minfo[39m: 	extractDocContent PASSPORT imagePath /Users/kiranjoshi/Documents/Kiran/projects/genai-explorations/data-extractor/assets/passport/ filename Passport_Front.jpg filePath /Users/kiranjoshi/Documents/Kiran/projects/genai-explorations/data-extractor/assets/passport/Passport_Front.jpg
2025-05-25T12:19:55.207Z [32minfo[39m: 	tessaract result em er oo Gc SEE ESD Bley
i URAYURISA REPUBLIC OF INDIA |
E—— 1 TA) ¥ieg ws / Country Code areralE wi./ Passport No.
; = P IND $1936123
' Summ Sumame : i
JOSHI
. © Rw nan we / Given Name(s) pe Bln
KIRAN a $e |
| | ga Nationality fem ex SEAM Doo of Birth
HII / INDIAN Mo 1070971988 |
wer Place of Birth ARE ER eg
NARVA, TELANGANA Lr ER
— \ TT Grd ww un wena / Place of issug’ "iz as 4
tf “1 HYDERABAD fe Res :
a Sid wr 4 (oid / Date of Issue wie wi ffbr7 Dane of Expiry
L ee LL. oiUREERS
P<INDJOSHIK<KKIRANCLCLLLLLLLLLLLLLLLLLLLLLLLLK
$1936123<1INDBBO9106M28B06055<<<<LLLLLLLLLLLO
ee EE, B »

2025-05-25T12:19:55.207Z [32minfo[39m: 	ENTRY:: extractData doctype PASSPORT
2025-05-25T12:19:57.436Z [32minfo[39m: 	Open AI response {
  "full_name": "KIRAN JOSHI",
  "id_number": "S1936123",
  "nationality": "INDIAN",
  "dob": "07/09/1988",
  "place_of_birth": "NARVA, TELANGANA",
  "date_of_issue": "06/06/2019",
  "date_of_expiry": "05/06/2029",
  "gender": "M",
  "issuing_country": "IND",
  "mrz": "P<INDJOSHIK<KKIRANCLCLLLLLLLLLLLLLLLLLLLLLLLLK\n$1936123<1INDBBO9106M28B06055<<<<LLLLLLLLLLLO"
}
2025-05-25T12:19:57.436Z [32minfo[39m: 	EXIT:: extractDocContent PASSPORT
2025-05-25T12:19:57.439Z [32minfo[39m: 	Type: POST -- Request: {"doctype":"PASSPORT","filename":"Passport_Front.jpg"} -- URL: http://localhost:4003/genai-explorations/data-extractor/extract -- Status: 200 -- Response Time: 5001.660 ms

2025-05-25T12:23:34.970Z [32minfo[39m: 	Type: POST -- Request: {} -- URL: http://localhost:4003/genai-explorations/data-extractor/upload?doctype=PASSPORT -- Status: 200 -- Response Time: 10.341 ms

2025-05-25T12:23:36.574Z [32minfo[39m: 	Type: OPTIONS -- Request: {} -- URL: http://localhost:4003/genai-explorations/data-extractor/extract -- Status: 204 -- Response Time: 0.414 ms

2025-05-25T12:23:36.576Z [32minfo[39m: 	ENTRY:: extractDocContent PASSPORT
2025-05-25T12:23:36.576Z [32minfo[39m: 	extractDocContent PASSPORT imagePath /Users/kiranjoshi/Documents/Kiran/projects/genai-explorations/data-extractor/assets/passport/ filename 1748175814965-Passport_Front.jpg filePath /Users/kiranjoshi/Documents/Kiran/projects/genai-explorations/data-extractor/assets/passport/1748175814965-Passport_Front.jpg
2025-05-25T12:23:39.273Z [32minfo[39m: 	tessaract result em er oo Gc SEE ESD Bley
i URAYURISA REPUBLIC OF INDIA |
E—— 1 TA) ¥ieg ws / Country Code areralE wi./ Passport No.
; = P IND $1936123
' Summ Sumame : i
JOSHI
. © Rw nan we / Given Name(s) pe Bln
KIRAN a $e |
| | ga Nationality fem ex SEAM Doo of Birth
HII / INDIAN Mo 1070971988 |
wer Place of Birth ARE ER eg
NARVA, TELANGANA Lr ER
— \ TT Grd ww un wena / Place of issug’ "iz as 4
tf “1 HYDERABAD fe Res :
a Sid wr 4 (oid / Date of Issue wie wi ffbr7 Dane of Expiry
L ee LL. oiUREERS
P<INDJOSHIK<KKIRANCLCLLLLLLLLLLLLLLLLLLLLLLLLK
$1936123<1INDBBO9106M28B06055<<<<LLLLLLLLLLLO
ee EE, B »

2025-05-25T12:23:39.273Z [32minfo[39m: 	ENTRY:: extractData doctype PASSPORT
2025-05-25T12:23:41.690Z [32minfo[39m: 	Open AI response {
  "full_name": "KIRAN JOSHI",
  "id_number": "S1936123",
  "nationality": "INDIAN",
  "dob": "07/09/1988",
  "place_of_birth": "NARVA, TELANGANA",
  "date_of_issue": "07/06/2019",
  "date_of_expiry": "06/06/2029",
  "gender": "",
  "issuing_country": "IND",
  "mrz": "P<INDJOSHIK<KKIRANCLCLLLLLLLLLLLLLLLLLLLLLLLLK\n$1936123<1INDBBO9106M28B06055<<<<LLLLLLLLLLLO"
}
2025-05-25T12:23:41.690Z [32minfo[39m: 	EXIT:: extractDocContent PASSPORT
2025-05-25T12:23:41.691Z [32minfo[39m: 	Type: POST -- Request: {"doctype":"PASSPORT","filename":"1748175814965-Passport_Front.jpg"} -- URL: http://localhost:4003/genai-explorations/data-extractor/extract -- Status: 200 -- Response Time: 5115.707 ms

2025-05-25T12:26:17.608Z [32minfo[39m: 	Type: POST -- Request: {} -- URL: http://localhost:4003/genai-explorations/data-extractor/upload?doctype=PASSPORT -- Status: 200 -- Response Time: 4.131 ms

2025-05-25T12:26:19.185Z [32minfo[39m: 	Type: OPTIONS -- Request: {} -- URL: http://localhost:4003/genai-explorations/data-extractor/extract -- Status: 204 -- Response Time: 0.211 ms

2025-05-25T12:26:19.186Z [32minfo[39m: 	ENTRY:: extractDocContent PASSPORT
2025-05-25T12:26:19.187Z [32minfo[39m: 	extractDocContent PASSPORT imagePath /Users/kiranjoshi/Documents/Kiran/projects/genai-explorations/data-extractor/assets/passport/ filename 1748175977605-Passport_Front.jpg filePath /Users/kiranjoshi/Documents/Kiran/projects/genai-explorations/data-extractor/assets/passport/1748175977605-Passport_Front.jpg
2025-05-25T12:26:21.849Z [32minfo[39m: 	tessaract result em er oo Gc SEE ESD Bley
i URAYURISA REPUBLIC OF INDIA |
E—— 1 TA) ¥ieg ws / Country Code areralE wi./ Passport No.
; = P IND $1936123
' Summ Sumame : i
JOSHI
. © Rw nan we / Given Name(s) pe Bln
KIRAN a $e |
| | ga Nationality fem ex SEAM Doo of Birth
HII / INDIAN Mo 1070971988 |
wer Place of Birth ARE ER eg
NARVA, TELANGANA Lr ER
— \ TT Grd ww un wena / Place of issug’ "iz as 4
tf “1 HYDERABAD fe Res :
a Sid wr 4 (oid / Date of Issue wie wi ffbr7 Dane of Expiry
L ee LL. oiUREERS
P<INDJOSHIK<KKIRANCLCLLLLLLLLLLLLLLLLLLLLLLLLK
$1936123<1INDBBO9106M28B06055<<<<LLLLLLLLLLLO
ee EE, B »

2025-05-25T12:26:21.850Z [32minfo[39m: 	ENTRY:: extractData doctype PASSPORT
2025-05-25T12:26:23.980Z [32minfo[39m: 	Open AI response {
  "full_name": "KIRAN JOSHI",
  "id_number": "S1936123",
  "nationality": "INDIAN",
  "dob": "07/09/1988",
  "place_of_birth": "NARVA, TELANGANA",
  "date_of_issue": "06/06/2019",
  "date_of_expiry": "05/06/2029",
  "gender": "M",
  "issuing_country": "IND",
  "mrz": "P<INDJOSHIK<KKIRANCLCLLLLLLLLLLLLLLLLLLLLLLLLK\n$1936123<1INDBBO9106M28B06055<<<<LLLLLLLLLLLO"
}
2025-05-25T12:26:23.980Z [32minfo[39m: 	EXIT:: extractDocContent PASSPORT
2025-05-25T12:26:23.981Z [32minfo[39m: 	Type: POST -- Request: {"doctype":"PASSPORT","filename":"1748175977605-Passport_Front.jpg"} -- URL: http://localhost:4003/genai-explorations/data-extractor/extract -- Status: 200 -- Response Time: 4800.129 ms

2025-05-25T12:36:00.751Z [32minfo[39m: 	Type: POST -- Request: {} -- URL: http://localhost:4003/genai-explorations/data-extractor/upload?doctype=EID -- Status: 200 -- Response Time: 4.233 ms

2025-05-25T12:36:02.170Z [32minfo[39m: 	Type: OPTIONS -- Request: {} -- URL: http://localhost:4003/genai-explorations/data-extractor/extract -- Status: 204 -- Response Time: 0.358 ms

2025-05-25T12:36:02.171Z [32minfo[39m: 	ENTRY:: extractDocContent EID
2025-05-25T12:36:02.171Z [32minfo[39m: 	extractDocContent EID imagePath /Users/kiranjoshi/Documents/Kiran/projects/genai-explorations/data-extractor/assets/eid/ filename 1748176560747-EID_Front.jpg filePath /Users/kiranjoshi/Documents/Kiran/projects/genai-explorations/data-extractor/assets/eid/1748176560747-EID_Front.jpg
2025-05-25T12:36:05.316Z [32minfo[39m: 	tessaract result Ee

A > : 5

—fa CS = HE So AE S\ rv evz LEY LL Le chp Caen) v Een)

= UNITED ARAB EMIRATES dn Ere SIE =)

= EDERAL AUTHORITY FOR IDENTITY & [Mil ly, SE SP PHRIR l ve

— CITIZENSHIP, CUSTOMS & PORT SECURITY (fff | SET AT) TO Fey ESET) = hs

— aN 5S Golden Card PAN A Li di, [18 aN

NY “Sug, 0S a /

—— SPH A 7 \ = —

— NY ~ ID Number /4; gg) aly Pg i-</ >

B Y 784-1993-6673081-2 -_ 4 oe

= > = Name: Balaji Padma Priya Venugopalan Balaji ANS 22 3 <

= r Date of Birth: 19/07/1993 dll ls

= 3 < S BN & B=

| hd
NRA St Issuing Date / laa) fu JU SUSE ek

~~ Signature /gAs Expiry Date /slgii¥) fy 5 4d sur BB

NO 19/09/2034 == PETAR ;

2025-05-25T12:36:05.316Z [32minfo[39m: 	ENTRY:: extractData doctype EID
2025-05-25T12:36:07.084Z [32minfo[39m: 	Open AI response {
  "full_name": "Balaji Padma Priya Venugopalan Balaji",
  "nationality": "United Arab Emirates",
  "gender": "",
  "date_of_birth": "1993-07-19",
  "id_number": "784-1993-6673081-2",
  "expiry_date": "2034-09-19",
  "issue_date": ""
}
2025-05-25T12:36:07.084Z [32minfo[39m: 	EXIT:: extractDocContent EID
2025-05-25T12:36:07.085Z [32minfo[39m: 	Type: POST -- Request: {"doctype":"EID","filename":"1748176560747-EID_Front.jpg"} -- URL: http://localhost:4003/genai-explorations/data-extractor/extract -- Status: 200 -- Response Time: 4913.440 ms

2025-05-25T12:44:35.481Z [32minfo[39m: 	Type: POST -- Request: {} -- URL: http://localhost:4003/genai-explorations/data-extractor/upload?doctype=EID -- Status: 200 -- Response Time: 2.121 ms

2025-05-25T12:44:38.183Z [32minfo[39m: 	Type: OPTIONS -- Request: {} -- URL: http://localhost:4003/genai-explorations/data-extractor/extract -- Status: 204 -- Response Time: 0.273 ms

2025-05-25T12:44:38.184Z [32minfo[39m: 	ENTRY:: extractDocContent EID
2025-05-25T12:44:38.185Z [32minfo[39m: 	extractDocContent EID imagePath /Users/kiranjoshi/Documents/Kiran/projects/genai-explorations/data-extractor/assets/eid/ filename 1748177075479-EID_Suleman_2.jpeg filePath /Users/kiranjoshi/Documents/Kiran/projects/genai-explorations/data-extractor/assets/eid/1748177075479-EID_Suleman_2.jpeg
2025-05-25T12:44:40.066Z [32minfo[39m: 	tessaract result TED ARAB SERENE)
S57 Resident Wdentity Card he faa diay
XB . gr a)
; Cees
s ) A aw 16/08/1993 EES
Sa BERTIE
* SS
ae ER
FN 3 3 Date [jaa] £52 4 —
Cen EEE
$ LE. oe © Sex:
bs TIN 82 a0 x
Scanned with CamSc:
Reith 4700 AIR
Re Ne lt aby
TL ss TS i
TYE Br :
Shia. i
= Shoes
a ies) Gh 5)
Prasat ed |
2 12rp ES, SAE
5784199357496407
PLC CLLCCCC<S
EMAN<SULEMA
Scanned with CamSc:
—

2025-05-25T12:44:40.066Z [32minfo[39m: 	ENTRY:: extractData doctype EID
2025-05-25T12:44:41.568Z [32minfo[39m: 	Open AI response {
  "full_name": "EMAN SULEMA",
  "nationality": "",
  "gender": "",
  "date_of_birth": "1993-08-16",
  "id_number": "784199357496407",
  "expiry_date": "",
  "issue_date": ""
}
2025-05-25T12:44:41.569Z [32minfo[39m: 	EXIT:: extractDocContent EID
2025-05-25T12:44:41.569Z [32minfo[39m: 	Type: POST -- Request: {"doctype":"EID","filename":"1748177075479-EID_Suleman_2.jpeg"} -- URL: http://localhost:4003/genai-explorations/data-extractor/extract -- Status: 200 -- Response Time: 3385.063 ms

2025-05-25T12:46:34.360Z [32minfo[39m: 	Type: POST -- Request: {} -- URL: http://localhost:4003/genai-explorations/data-extractor/upload?doctype=EID -- Status: 200 -- Response Time: 2.094 ms

2025-05-25T12:46:37.188Z [32minfo[39m: 	Type: OPTIONS -- Request: {} -- URL: http://localhost:4003/genai-explorations/data-extractor/extract -- Status: 204 -- Response Time: 0.191 ms

2025-05-25T12:46:37.189Z [32minfo[39m: 	ENTRY:: extractDocContent EID
2025-05-25T12:46:37.190Z [32minfo[39m: 	extractDocContent EID imagePath /Users/kiranjoshi/Documents/Kiran/projects/genai-explorations/data-extractor/assets/eid/ filename 1748177194358-EID_Suleman_2.jpeg filePath /Users/kiranjoshi/Documents/Kiran/projects/genai-explorations/data-extractor/assets/eid/1748177194358-EID_Suleman_2.jpeg
2025-05-25T12:46:39.102Z [32minfo[39m: 	tessaract result TED ARAB SERENE)
S57 Resident Wdentity Card he faa diay
XB . gr a)
; Cees
s ) A aw 16/08/1993 EES
Sa BERTIE
* SS
ae ER
FN 3 3 Date [jaa] £52 4 —
Cen EEE
$ LE. oe © Sex:
bs TIN 82 a0 x
Scanned with CamSc:
Reith 4700 AIR
Re Ne lt aby
TL ss TS i
TYE Br :
Shia. i
= Shoes
a ies) Gh 5)
Prasat ed |
2 12rp ES, SAE
5784199357496407
PLC CLLCCCC<S
EMAN<SULEMA
Scanned with CamSc:
—

2025-05-25T12:46:39.102Z [32minfo[39m: 	ENTRY:: extractData doctype EID
2025-05-25T12:46:40.678Z [32minfo[39m: 	Open AI response {
  "full_name": "EMAN SULEMA",
  "nationality": "",
  "gender": "",
  "date_of_birth": "1993-08-16",
  "id_number": "5784199357496407",
  "expiry_date": "",
  "issue_date": ""
}
2025-05-25T12:46:40.678Z [32minfo[39m: 	EXIT:: extractDocContent EID
2025-05-25T12:46:40.679Z [32minfo[39m: 	Type: POST -- Request: {"doctype":"EID","filename":"1748177194358-EID_Suleman_2.jpeg"} -- URL: http://localhost:4003/genai-explorations/data-extractor/extract -- Status: 200 -- Response Time: 3489.267 ms

2025-05-25T12:50:27.578Z [32minfo[39m: 	Type: POST -- Request: {} -- URL: http://localhost:4003/genai-explorations/data-extractor/upload?doctype=EID -- Status: 200 -- Response Time: 2.386 ms

2025-05-25T12:50:35.604Z [32minfo[39m: 	Type: OPTIONS -- Request: {} -- URL: http://localhost:4003/genai-explorations/data-extractor/extract -- Status: 204 -- Response Time: 0.206 ms

2025-05-25T12:50:35.606Z [32minfo[39m: 	ENTRY:: extractDocContent EID
2025-05-25T12:50:35.606Z [32minfo[39m: 	extractDocContent EID imagePath /Users/kiranjoshi/Documents/Kiran/projects/genai-explorations/data-extractor/assets/eid/ filename 1748177427576-EID_Suleman_2.jpeg filePath /Users/kiranjoshi/Documents/Kiran/projects/genai-explorations/data-extractor/assets/eid/1748177427576-EID_Suleman_2.jpeg
2025-05-25T12:50:37.392Z [32minfo[39m: 	tessaract result TED ARAB SERENE)
S57 Resident Wdentity Card he faa diay
XB . gr a)
; Cees
s ) A aw 16/08/1993 EES
Sa BERTIE
* SS
ae ER
FN 3 3 Date [jaa] £52 4 —
Cen EEE
$ LE. oe © Sex:
bs TIN 82 a0 x
Scanned with CamSc:
Reith 4700 AIR
Re Ne lt aby
TL ss TS i
TYE Br :
Shia. i
= Shoes
a ies) Gh 5)
Prasat ed |
2 12rp ES, SAE
5784199357496407
PLC CLLCCCC<S
EMAN<SULEMA
Scanned with CamSc:
—

2025-05-25T12:50:37.392Z [32minfo[39m: 	ENTRY:: extractData doctype EID
2025-05-25T12:50:38.612Z [32minfo[39m: 	Open AI response {
  "full_name": "EMAN SULEMA",
  "nationality": "",
  "gender": "",
  "date_of_birth": "1993-08-16",
  "id_number": "784199357496407",
  "expiry_date": "",
  "issue_date": ""
}
2025-05-25T12:50:38.612Z [32minfo[39m: 	EXIT:: extractDocContent EID
2025-05-25T12:50:38.613Z [32minfo[39m: 	Type: POST -- Request: {"doctype":"EID","filename":"1748177427576-EID_Suleman_2.jpeg"} -- URL: http://localhost:4003/genai-explorations/data-extractor/extract -- Status: 200 -- Response Time: 3007.088 ms

2025-05-25T12:58:34.584Z [32minfo[39m: 	Type: POST -- Request: {"file":"null"} -- URL: http://localhost:4003/genai-explorations/data-extractor/upload?doctype= -- Status: 400 -- Response Time: 11.149 ms

2025-05-25T13:01:02.255Z [32minfo[39m: 	Type: POST -- Request: {} -- URL: http://localhost:4003/genai-explorations/data-extractor/upload?doctype=EID -- Status: 200 -- Response Time: 1.585 ms

2025-05-25T13:01:04.661Z [32minfo[39m: 	Type: OPTIONS -- Request: {} -- URL: http://localhost:4003/genai-explorations/data-extractor/extract -- Status: 204 -- Response Time: 0.237 ms

2025-05-25T13:01:04.662Z [32minfo[39m: 	ENTRY:: extractDocContent EID
2025-05-25T13:01:04.662Z [32minfo[39m: 	extractDocContent EID imagePath /Users/kiranjoshi/Documents/Kiran/projects/genai-explorations/data-extractor/assets/eid/ filename 1748178062254-EID_Suleman_2.jpeg filePath /Users/kiranjoshi/Documents/Kiran/projects/genai-explorations/data-extractor/assets/eid/1748178062254-EID_Suleman_2.jpeg
2025-05-25T13:01:06.478Z [32minfo[39m: 	tessaract result TED ARAB SERENE)
S57 Resident Wdentity Card he faa diay
XB . gr a)
; Cees
s ) A aw 16/08/1993 EES
Sa BERTIE
* SS
ae ER
FN 3 3 Date [jaa] £52 4 —
Cen EEE
$ LE. oe © Sex:
bs TIN 82 a0 x
Scanned with CamSc:
Reith 4700 AIR
Re Ne lt aby
TL ss TS i
TYE Br :
Shia. i
= Shoes
a ies) Gh 5)
Prasat ed |
2 12rp ES, SAE
5784199357496407
PLC CLLCCCC<S
EMAN<SULEMA
Scanned with CamSc:
—

2025-05-25T13:01:06.478Z [32minfo[39m: 	ENTRY:: extractData doctype EID
2025-05-25T13:01:08.445Z [32minfo[39m: 	Open AI response {
  "full_name": "EMAN SULEMA",
  "nationality": "",
  "gender": "",
  "date_of_birth": "1993-08-16",
  "id_number": "5784199357496407",
  "expiry_date": "",
  "issue_date": ""
}
2025-05-25T13:01:08.445Z [32minfo[39m: 	EXIT:: extractDocContent EID
2025-05-25T13:01:08.445Z [32minfo[39m: 	Type: POST -- Request: {"doctype":"EID","filename":"1748178062254-EID_Suleman_2.jpeg"} -- URL: http://localhost:4003/genai-explorations/data-extractor/extract -- Status: 200 -- Response Time: 3783.198 ms

2025-05-25T13:13:25.522Z [32minfo[39m: 	Type: POST -- Request: {} -- URL: http://localhost:4003/genai-explorations/data-extractor/upload?doctype=EID -- Status: 200 -- Response Time: 2.400 ms

2025-05-25T13:13:27.194Z [32minfo[39m: 	Type: OPTIONS -- Request: {} -- URL: http://localhost:4003/genai-explorations/data-extractor/extract -- Status: 204 -- Response Time: 0.235 ms

2025-05-25T13:13:27.195Z [32minfo[39m: 	ENTRY:: extractDocContent EID
2025-05-25T13:13:27.195Z [32minfo[39m: 	extractDocContent EID imagePath /Users/kiranjoshi/Documents/Kiran/projects/genai-explorations/data-extractor/assets/eid/ filename 1748178805520-EID_Suleman_2.jpeg filePath /Users/kiranjoshi/Documents/Kiran/projects/genai-explorations/data-extractor/assets/eid/1748178805520-EID_Suleman_2.jpeg
2025-05-25T13:13:28.998Z [32minfo[39m: 	tessaract result TED ARAB SERENE)
S57 Resident Wdentity Card he faa diay
XB . gr a)
; Cees
s ) A aw 16/08/1993 EES
Sa BERTIE
* SS
ae ER
FN 3 3 Date [jaa] £52 4 —
Cen EEE
$ LE. oe © Sex:
bs TIN 82 a0 x
Scanned with CamSc:
Reith 4700 AIR
Re Ne lt aby
TL ss TS i
TYE Br :
Shia. i
= Shoes
a ies) Gh 5)
Prasat ed |
2 12rp ES, SAE
5784199357496407
PLC CLLCCCC<S
EMAN<SULEMA
Scanned with CamSc:
—

2025-05-25T13:13:28.998Z [32minfo[39m: 	ENTRY:: extractData doctype EID
2025-05-25T13:13:30.968Z [32minfo[39m: 	Open AI response {
  "full_name": "EMAN SULEMA",
  "nationality": "",
  "gender": "",
  "date_of_birth": "1993-08-16",
  "id_number": "784199357496407",
  "expiry_date": "",
  "issue_date": ""
}
2025-05-25T13:13:30.968Z [32minfo[39m: 	EXIT:: extractDocContent EID
2025-05-25T13:13:30.969Z [32minfo[39m: 	Type: POST -- Request: {"doctype":"EID","filename":"1748178805520-EID_Suleman_2.jpeg"} -- URL: http://localhost:4003/genai-explorations/data-extractor/extract -- Status: 200 -- Response Time: 3774.393 ms

2025-05-25T13:19:11.983Z [32minfo[39m: 	Type: POST -- Request: {} -- URL: http://localhost:4003/genai-explorations/data-extractor/upload?doctype=EID -- Status: 200 -- Response Time: 1.920 ms

2025-05-25T13:19:18.771Z [32minfo[39m: 	Type: OPTIONS -- Request: {} -- URL: http://localhost:4003/genai-explorations/data-extractor/extract -- Status: 204 -- Response Time: 0.342 ms

2025-05-25T13:19:18.773Z [32minfo[39m: 	ENTRY:: extractDocContent EID
2025-05-25T13:19:18.773Z [32minfo[39m: 	extractDocContent EID imagePath /Users/kiranjoshi/Documents/Kiran/projects/genai-explorations/data-extractor/assets/eid/ filename 1748179151981-EID_Suleman_2.jpeg filePath /Users/kiranjoshi/Documents/Kiran/projects/genai-explorations/data-extractor/assets/eid/1748179151981-EID_Suleman_2.jpeg
2025-05-25T13:19:20.600Z [32minfo[39m: 	tessaract result TED ARAB SERENE)
S57 Resident Wdentity Card he faa diay
XB . gr a)
; Cees
s ) A aw 16/08/1993 EES
Sa BERTIE
* SS
ae ER
FN 3 3 Date [jaa] £52 4 —
Cen EEE
$ LE. oe © Sex:
bs TIN 82 a0 x
Scanned with CamSc:
Reith 4700 AIR
Re Ne lt aby
TL ss TS i
TYE Br :
Shia. i
= Shoes
a ies) Gh 5)
Prasat ed |
2 12rp ES, SAE
5784199357496407
PLC CLLCCCC<S
EMAN<SULEMA
Scanned with CamSc:
—

2025-05-25T13:19:20.601Z [32minfo[39m: 	ENTRY:: extractData doctype EID
2025-05-25T13:19:22.304Z [32minfo[39m: 	Open AI response {
  "full_name": "EMAN SULEMA",
  "nationality": "",
  "gender": "",
  "date_of_birth": "1993-08-16",
  "id_number": "784199357496407",
  "expiry_date": "",
  "issue_date": ""
}
2025-05-25T13:19:22.304Z [32minfo[39m: 	EXIT:: extractDocContent EID
2025-05-25T13:19:22.305Z [32minfo[39m: 	Type: POST -- Request: {"doctype":"EID","filename":"1748179151981-EID_Suleman_2.jpeg"} -- URL: http://localhost:4003/genai-explorations/data-extractor/extract -- Status: 200 -- Response Time: 3532.271 ms

2025-05-25T13:22:30.819Z [32minfo[39m: 	Type: POST -- Request: {} -- URL: http://localhost:4003/genai-explorations/data-extractor/upload?doctype=PASSPORT -- Status: 200 -- Response Time: 2.240 ms

2025-05-25T13:22:33.688Z [32minfo[39m: 	Type: OPTIONS -- Request: {} -- URL: http://localhost:4003/genai-explorations/data-extractor/extract -- Status: 204 -- Response Time: 0.238 ms

2025-05-25T13:22:33.689Z [32minfo[39m: 	ENTRY:: extractDocContent PASSPORT
2025-05-25T13:22:33.689Z [32minfo[39m: 	extractDocContent PASSPORT imagePath /Users/kiranjoshi/Documents/Kiran/projects/genai-explorations/data-extractor/assets/passport/ filename 1748179350818-Passport_Front.jpg filePath /Users/kiranjoshi/Documents/Kiran/projects/genai-explorations/data-extractor/assets/passport/1748179350818-Passport_Front.jpg
2025-05-25T13:22:36.339Z [32minfo[39m: 	tessaract result em er oo Gc SEE ESD Bley
i URAYURISA REPUBLIC OF INDIA |
E—— 1 TA) ¥ieg ws / Country Code areralE wi./ Passport No.
; = P IND $1936123
' Summ Sumame : i
JOSHI
. © Rw nan we / Given Name(s) pe Bln
KIRAN a $e |
| | ga Nationality fem ex SEAM Doo of Birth
HII / INDIAN Mo 1070971988 |
wer Place of Birth ARE ER eg
NARVA, TELANGANA Lr ER
— \ TT Grd ww un wena / Place of issug’ "iz as 4
tf “1 HYDERABAD fe Res :
a Sid wr 4 (oid / Date of Issue wie wi ffbr7 Dane of Expiry
L ee LL. oiUREERS
P<INDJOSHIK<KKIRANCLCLLLLLLLLLLLLLLLLLLLLLLLLK
$1936123<1INDBBO9106M28B06055<<<<LLLLLLLLLLLO
ee EE, B »

2025-05-25T13:22:36.339Z [32minfo[39m: 	ENTRY:: extractData doctype PASSPORT
2025-05-25T13:22:39.691Z [32minfo[39m: 	Open AI response {
  "full_name": "KIRAN JOSHI",
  "id_number": "S1936123",
  "nationality": "INDIAN",
  "dob": "07/09/1988",
  "place_of_birth": "NARVA, TELANGANA",
  "date_of_issue": "19/06/2018",
  "date_of_expiry": "18/06/2028",
  "gender": "M",
  "issuing_country": "IND",
  "mrz": "P<INDJOSHIK<KKIRANCLCLLLLLLLLLLLLLLLLLLLLLLLLK\n$1936123<1INDBBO9106M28B06055<<<<LLLLLLLLLLLO"
}
2025-05-25T13:22:39.691Z [32minfo[39m: 	EXIT:: extractDocContent PASSPORT
2025-05-25T13:22:39.692Z [32minfo[39m: 	Type: POST -- Request: {"doctype":"PASSPORT","filename":"1748179350818-Passport_Front.jpg"} -- URL: http://localhost:4003/genai-explorations/data-extractor/extract -- Status: 200 -- Response Time: 6002.876 ms

2025-05-25T13:25:34.666Z [32minfo[39m: 	Type: POST -- Request: {} -- URL: http://localhost:4003/genai-explorations/data-extractor/upload?doctype=PASSPORT -- Status: 200 -- Response Time: 1.459 ms

2025-05-25T13:25:37.871Z [32minfo[39m: 	Type: OPTIONS -- Request: {} -- URL: http://localhost:4003/genai-explorations/data-extractor/extract -- Status: 204 -- Response Time: 0.212 ms

2025-05-25T13:25:37.872Z [32minfo[39m: 	ENTRY:: extractDocContent PASSPORT
2025-05-25T13:25:37.872Z [32minfo[39m: 	extractDocContent PASSPORT imagePath /Users/kiranjoshi/Documents/Kiran/projects/genai-explorations/data-extractor/assets/passport/ filename 1748179534665-Passport_Front.jpg filePath /Users/kiranjoshi/Documents/Kiran/projects/genai-explorations/data-extractor/assets/passport/1748179534665-Passport_Front.jpg
2025-05-25T13:25:40.598Z [32minfo[39m: 	tessaract result em er oo Gc SEE ESD Bley
i URAYURISA REPUBLIC OF INDIA |
E—— 1 TA) ¥ieg ws / Country Code areralE wi./ Passport No.
; = P IND $1936123
' Summ Sumame : i
JOSHI
. © Rw nan we / Given Name(s) pe Bln
KIRAN a $e |
| | ga Nationality fem ex SEAM Doo of Birth
HII / INDIAN Mo 1070971988 |
wer Place of Birth ARE ER eg
NARVA, TELANGANA Lr ER
— \ TT Grd ww un wena / Place of issug’ "iz as 4
tf “1 HYDERABAD fe Res :
a Sid wr 4 (oid / Date of Issue wie wi ffbr7 Dane of Expiry
L ee LL. oiUREERS
P<INDJOSHIK<KKIRANCLCLLLLLLLLLLLLLLLLLLLLLLLLK
$1936123<1INDBBO9106M28B06055<<<<LLLLLLLLLLLO
ee EE, B »

2025-05-25T13:25:40.598Z [32minfo[39m: 	ENTRY:: extractData doctype PASSPORT
2025-05-25T13:25:42.619Z [32minfo[39m: 	Open AI response {
  "full_name": "KIRAN JOSHI",
  "id_number": "S1936123",
  "nationality": "INDIAN",
  "dob": "07/09/1988",
  "place_of_birth": "NARVA, TELANGANA",
  "date_of_issue": "28/06/2019",
  "date_of_expiry": "27/06/2029",
  "gender": "",
  "issuing_country": "IND",
  "mrz": "P<INDJOSHIK<KKIRANCLCLLLLLLLLLLLLLLLLLLLLLLLLK\n$1936123<1INDBBO9106M28B06055<<<<LLLLLLLLLLLO"
}
2025-05-25T13:25:42.619Z [32minfo[39m: 	EXIT:: extractDocContent PASSPORT
2025-05-25T13:25:42.619Z [32minfo[39m: 	Type: POST -- Request: {"doctype":"PASSPORT","filename":"1748179534665-Passport_Front.jpg"} -- URL: http://localhost:4003/genai-explorations/data-extractor/extract -- Status: 200 -- Response Time: 4747.534 ms

2025-05-25T13:25:47.145Z [32minfo[39m: 	Type: OPTIONS -- Request: {} -- URL: http://localhost:4003/genai-explorations/data-extractor/extract -- Status: 204 -- Response Time: 0.200 ms

2025-05-25T13:25:47.146Z [32minfo[39m: 	ENTRY:: extractDocContent PASSPORT
2025-05-25T13:25:47.146Z [32minfo[39m: 	extractDocContent PASSPORT imagePath /Users/kiranjoshi/Documents/Kiran/projects/genai-explorations/data-extractor/assets/passport/ filename 1748179534665-Passport_Front.jpg filePath /Users/kiranjoshi/Documents/Kiran/projects/genai-explorations/data-extractor/assets/passport/1748179534665-Passport_Front.jpg
2025-05-25T13:25:49.790Z [32minfo[39m: 	tessaract result em er oo Gc SEE ESD Bley
i URAYURISA REPUBLIC OF INDIA |
E—— 1 TA) ¥ieg ws / Country Code areralE wi./ Passport No.
; = P IND $1936123
' Summ Sumame : i
JOSHI
. © Rw nan we / Given Name(s) pe Bln
KIRAN a $e |
| | ga Nationality fem ex SEAM Doo of Birth
HII / INDIAN Mo 1070971988 |
wer Place of Birth ARE ER eg
NARVA, TELANGANA Lr ER
— \ TT Grd ww un wena / Place of issug’ "iz as 4
tf “1 HYDERABAD fe Res :
a Sid wr 4 (oid / Date of Issue wie wi ffbr7 Dane of Expiry
L ee LL. oiUREERS
P<INDJOSHIK<KKIRANCLCLLLLLLLLLLLLLLLLLLLLLLLLK
$1936123<1INDBBO9106M28B06055<<<<LLLLLLLLLLLO
ee EE, B »

2025-05-25T13:25:49.790Z [32minfo[39m: 	ENTRY:: extractData doctype PASSPORT
2025-05-25T13:25:52.266Z [32minfo[39m: 	Open AI response {
  "full_name": "KIRAN JOSHI",
  "id_number": "S1936123",
  "nationality": "INDIAN",
  "dob": "07/09/1988",
  "place_of_birth": "NARVA, TELANGANA",
  "date_of_issue": "19/06/2019",
  "date_of_expiry": "18/06/2029",
  "gender": "M",
  "issuing_country": "INDIA",
  "mrz": "P<INDJOSHIK<KKIRANCLCLLLLLLLLLLLLLLLLLLLLLLLLK\n$1936123<1INDBBO9106M28B06055<<<<LLLLLLLLLLLO"
}
2025-05-25T13:25:52.266Z [32minfo[39m: 	EXIT:: extractDocContent PASSPORT
2025-05-25T13:25:52.267Z [32minfo[39m: 	Type: POST -- Request: {"doctype":"PASSPORT","filename":"1748179534665-Passport_Front.jpg"} -- URL: http://localhost:4003/genai-explorations/data-extractor/extract -- Status: 200 -- Response Time: 5121.013 ms

2025-05-25T13:30:16.887Z [32minfo[39m: 	Type: POST -- Request: {} -- URL: http://localhost:4003/genai-explorations/data-extractor/upload?doctype=EID -- Status: 200 -- Response Time: 2.541 ms

2025-05-25T13:30:19.281Z [32minfo[39m: 	Type: OPTIONS -- Request: {} -- URL: http://localhost:4003/genai-explorations/data-extractor/extract -- Status: 204 -- Response Time: 0.177 ms

2025-05-25T13:30:19.282Z [32minfo[39m: 	ENTRY:: extractDocContent EID
2025-05-25T13:30:19.282Z [32minfo[39m: 	extractDocContent EID imagePath /Users/kiranjoshi/Documents/Kiran/projects/genai-explorations/data-extractor/assets/eid/ filename 1748179816885-EID_Front.jpg filePath /Users/kiranjoshi/Documents/Kiran/projects/genai-explorations/data-extractor/assets/eid/1748179816885-EID_Front.jpg
2025-05-25T13:30:22.132Z [32minfo[39m: 	tessaract result Ee

A > : 5

—fa CS = HE So AE S\ rv evz LEY LL Le chp Caen) v Een)

= UNITED ARAB EMIRATES dn Ere SIE =)

= EDERAL AUTHORITY FOR IDENTITY & [Mil ly, SE SP PHRIR l ve

— CITIZENSHIP, CUSTOMS & PORT SECURITY (fff | SET AT) TO Fey ESET) = hs

— aN 5S Golden Card PAN A Li di, [18 aN

NY “Sug, 0S a /

—— SPH A 7 \ = —

— NY ~ ID Number /4; gg) aly Pg i-</ >

B Y 784-1993-6673081-2 -_ 4 oe

= > = Name: Balaji Padma Priya Venugopalan Balaji ANS 22 3 <

= r Date of Birth: 19/07/1993 dll ls

= 3 < S BN & B=

| hd
NRA St Issuing Date / laa) fu JU SUSE ek

~~ Signature /gAs Expiry Date /slgii¥) fy 5 4d sur BB

NO 19/09/2034 == PETAR ;

2025-05-25T13:30:22.132Z [32minfo[39m: 	ENTRY:: extractData doctype EID
2025-05-25T13:30:25.637Z [32minfo[39m: 	Open AI response {
  "full_name": "Balaji Padma Priya Venugopalan Balaji",
  "nationality": "",
  "gender": "",
  "date_of_birth": "1993-07-19",
  "id_number": "784-1993-6673081-2",
  "expiry_date": "2034-09-19",
  "issue_date": ""
}
2025-05-25T13:30:25.637Z [32minfo[39m: 	EXIT:: extractDocContent EID
2025-05-25T13:30:25.638Z [32minfo[39m: 	Type: POST -- Request: {"doctype":"EID","filename":"1748179816885-EID_Front.jpg"} -- URL: http://localhost:4003/genai-explorations/data-extractor/extract -- Status: 200 -- Response Time: 6355.342 ms

2025-05-25T13:30:28.111Z [32minfo[39m: 	Type: OPTIONS -- Request: {} -- URL: http://localhost:4003/genai-explorations/data-extractor/extract -- Status: 204 -- Response Time: 0.192 ms

2025-05-25T13:30:28.113Z [32minfo[39m: 	ENTRY:: extractDocContent EID
2025-05-25T13:30:28.113Z [32minfo[39m: 	extractDocContent EID imagePath /Users/kiranjoshi/Documents/Kiran/projects/genai-explorations/data-extractor/assets/eid/ filename 1748179816885-EID_Front.jpg filePath /Users/kiranjoshi/Documents/Kiran/projects/genai-explorations/data-extractor/assets/eid/1748179816885-EID_Front.jpg
2025-05-25T13:30:30.911Z [32minfo[39m: 	tessaract result Ee

A > : 5

—fa CS = HE So AE S\ rv evz LEY LL Le chp Caen) v Een)

= UNITED ARAB EMIRATES dn Ere SIE =)

= EDERAL AUTHORITY FOR IDENTITY & [Mil ly, SE SP PHRIR l ve

— CITIZENSHIP, CUSTOMS & PORT SECURITY (fff | SET AT) TO Fey ESET) = hs

— aN 5S Golden Card PAN A Li di, [18 aN

NY “Sug, 0S a /

—— SPH A 7 \ = —

— NY ~ ID Number /4; gg) aly Pg i-</ >

B Y 784-1993-6673081-2 -_ 4 oe

= > = Name: Balaji Padma Priya Venugopalan Balaji ANS 22 3 <

= r Date of Birth: 19/07/1993 dll ls

= 3 < S BN & B=

| hd
NRA St Issuing Date / laa) fu JU SUSE ek

~~ Signature /gAs Expiry Date /slgii¥) fy 5 4d sur BB

NO 19/09/2034 == PETAR ;

2025-05-25T13:30:30.911Z [32minfo[39m: 	ENTRY:: extractData doctype EID
2025-05-25T13:30:32.760Z [32minfo[39m: 	Open AI response {
  "full_name": "Balaji Padma Priya Venugopalan Balaji",
  "nationality": "",
  "gender": "",
  "date_of_birth": "1993-07-19",
  "id_number": "784-1993-6673081-2",
  "expiry_date": "2034-09-19",
  "issue_date": ""
}
2025-05-25T13:30:32.760Z [32minfo[39m: 	EXIT:: extractDocContent EID
2025-05-25T13:30:32.761Z [32minfo[39m: 	Type: POST -- Request: {"doctype":"EID","filename":"1748179816885-EID_Front.jpg"} -- URL: http://localhost:4003/genai-explorations/data-extractor/extract -- Status: 200 -- Response Time: 4648.384 ms

2025-05-25T13:49:26.787Z [32minfo[39m: 	Type: POST -- Request: {} -- URL: http://localhost:4003/genai-explorations/data-extractor/upload?doctype=EID -- Status: 200 -- Response Time: 11.001 ms

2025-05-25T13:49:29.524Z [32minfo[39m: 	Type: OPTIONS -- Request: {} -- URL: http://localhost:4003/genai-explorations/data-extractor/extract -- Status: 204 -- Response Time: 0.184 ms

2025-05-25T13:49:29.529Z [32minfo[39m: 	ENTRY:: extractDocContent EID
2025-05-25T13:49:29.530Z [32minfo[39m: 	extractDocContent EID imagePath /Users/kiranjoshi/Documents/Kiran/projects/genai-explorations/data-extractor/assets/eid/ filename 1748180966780-EID_Suleman_3.jpg filePath /Users/kiranjoshi/Documents/Kiran/projects/genai-explorations/data-extractor/assets/eid/1748180966780-EID_Suleman_3.jpg
2025-05-25T13:49:31.998Z [32minfo[39m: 	tessaract result ERT Tr Tr re RRR
SS SSS SN CT
UNITED ARAB EMIRATES poy Elciisialliniiy
Baononommiomee [fll Lids hE 4
SINAN CZ (A OH
Pa AVA Rastdent identity Card BAIA Ip
SS RN Soa A
oN ANG x talon
SIN ID Number 453 4 NSIS:

2 784-1991-7209408-0 NS SSRN 1
= is hi
77 Name: Suleman Ahmad Munawar Ahmad | i

; Date of Birth: 19/04/1991 GNA Raa)
NAR SEN p hy hand
SS ~ Nationality: Pakistan RSA

J obthed Issuing Date | Jue¥l 225 : 2

RO STN ame 18/01/2024 SN

Seno Expiry Date fs = ;
2 J SNAUre | ph 17012026 ~Sexim.

2025-05-25T13:49:31.998Z [32minfo[39m: 	ENTRY:: extractData doctype EID
2025-05-25T13:49:35.965Z [32minfo[39m: 	Open AI response {
  "full_name": "Suleman Ahmad Munawar Ahmad",
  "nationality": "Pakistan",
  "gender": "",
  "date_of_birth": "1991-04-19",
  "id_number": "784-1991-7209408-0",
  "expiry_date": "2026-01-17",
  "issue_date": "2024-01-18"
}
2025-05-25T13:49:35.965Z [32minfo[39m: 	EXIT:: extractDocContent EID
2025-05-25T13:49:35.966Z [32minfo[39m: 	Type: POST -- Request: {"doctype":"EID","filename":"1748180966780-EID_Suleman_3.jpg"} -- URL: http://localhost:4003/genai-explorations/data-extractor/extract -- Status: 200 -- Response Time: 6436.816 ms

2025-05-25T14:05:25.835Z [32minfo[39m: 	DB connection established successfully!
2025-05-25T14:05:25.847Z [32minfo[39m: 	Listening to port 4003
2025-05-25T14:05:55.642Z [32minfo[39m: 	Type: POST -- Request: {} -- URL: http://localhost:4003/genai-explorations/data-extractor/upload?doctype=EID -- Status: 200 -- Response Time: 12.559 ms

2025-05-25T14:05:59.038Z [32minfo[39m: 	Type: OPTIONS -- Request: {} -- URL: http://localhost:4003/genai-explorations/data-extractor/extract -- Status: 204 -- Response Time: 0.487 ms

2025-05-25T14:05:59.040Z [32minfo[39m: 	ENTRY:: extractDocContent EID
2025-05-25T14:05:59.040Z [32minfo[39m: 	extractDocContent EID imagePath /Users/kiranjoshi/Documents/Kiran/projects/genai-explorations/data-extractor/assets/eid/ filename 1748181955636-EID_Suleman_3.jpg filePath /Users/kiranjoshi/Documents/Kiran/projects/genai-explorations/data-extractor/assets/eid/1748181955636-EID_Suleman_3.jpg
2025-05-25T14:06:01.453Z [32minfo[39m: 	tessaract result ERT Tr Tr re RRR
SS SSS SN CT
UNITED ARAB EMIRATES poy Elciisialliniiy
Baononommiomee [fll Lids hE 4
SINAN CZ (A OH
Pa AVA Rastdent identity Card BAIA Ip
SS RN Soa A
oN ANG x talon
SIN ID Number 453 4 NSIS:

2 784-1991-7209408-0 NS SSRN 1
= is hi
77 Name: Suleman Ahmad Munawar Ahmad | i

; Date of Birth: 19/04/1991 GNA Raa)
NAR SEN p hy hand
SS ~ Nationality: Pakistan RSA

J obthed Issuing Date | Jue¥l 225 : 2

RO STN ame 18/01/2024 SN

Seno Expiry Date fs = ;
2 J SNAUre | ph 17012026 ~Sexim.

2025-05-25T14:06:01.453Z [32minfo[39m: 	ENTRY:: extractData doctype EID
2025-05-25T14:06:03.454Z [32minfo[39m: 	Open AI response {
  "full_name": "Suleman Ahmad Munawar Ahmad",
  "nationality": "Pakistan",
  "gender": "",
  "date_of_birth": "1991-04-19",
  "id_number": "784-1991-7209408-0",
  "expiry_date": "2026-01-17",
  "issue_date": "2024-01-18"
}
2025-05-25T14:06:03.455Z [32minfo[39m: 	EXIT:: extractDocContent EID
2025-05-25T14:06:03.455Z [32minfo[39m: 	Type: POST -- Request: {"doctype":"EID","filename":"1748181955636-EID_Suleman_3.jpg"} -- URL: http://localhost:4003/genai-explorations/data-extractor/extract -- Status: 200 -- Response Time: 4416.241 ms

2025-05-25T14:11:00.231Z [32minfo[39m: 	DB connection established successfully!
2025-05-25T14:11:00.239Z [32minfo[39m: 	Listening to port 4003
2025-05-25T14:11:25.437Z [32minfo[39m: 	Type: POST -- Request: {} -- URL: http://localhost:4003/genai-explorations/data-extractor/upload?doctype=EID -- Status: 500 -- Response Time: 11.583 ms

2025-05-25T14:11:30.958Z [32minfo[39m: 	Type: POST -- Request: {} -- URL: http://localhost:4003/genai-explorations/data-extractor/upload?doctype=EID -- Status: 500 -- Response Time: 2.981 ms

2025-05-25T14:12:14.501Z [32minfo[39m: 	Type: POST -- Request: {} -- URL: http://localhost:4003/genai-explorations/data-extractor/upload?doctype=EID -- Status: 500 -- Response Time: 2.812 ms

2025-05-25T14:13:22.995Z [32minfo[39m: 	Type: POST -- Request: {} -- URL: http://localhost:4003/genai-explorations/data-extractor/upload?doctype=EID -- Status: 500 -- Response Time: 2.302 ms

2025-05-25T14:15:40.624Z [32minfo[39m: 	Type: POST -- Request: {} -- URL: http://localhost:4003/genai-explorations/data-extractor/upload?doctype=EID -- Status: 500 -- Response Time: 1.933 ms

2025-05-25T14:15:56.123Z [32minfo[39m: 	Type: POST -- Request: {} -- URL: http://localhost:4003/genai-explorations/data-extractor/upload?doctype=EID -- Status: 500 -- Response Time: 2.280 ms

2025-05-25T14:16:55.817Z [32minfo[39m: 	Type: POST -- Request: {} -- URL: http://localhost:4003/genai-explorations/data-extractor/upload?doctype=EID -- Status: 500 -- Response Time: 1.636 ms

2025-05-25T14:17:34.703Z [32minfo[39m: 	Type: POST -- Request: {} -- URL: http://localhost:4003/genai-explorations/data-extractor/upload?doctype=PASSPORT -- Status: 500 -- Response Time: 2.013 ms

2025-05-25T14:19:18.110Z [32minfo[39m: 	Type: POST -- Request: {} -- URL: http://localhost:4003/genai-explorations/data-extractor/upload?doctype=EID -- Status: 500 -- Response Time: 2.751 ms

2025-05-25T14:19:37.823Z [32minfo[39m: 	DB connection established successfully!
2025-05-25T14:19:37.827Z [32minfo[39m: 	Listening to port 4003
2025-05-25T14:20:10.636Z [32minfo[39m: 	Type: POST -- Request: {} -- URL: http://localhost:4003/genai-explorations/data-extractor/upload?doctype=EID -- Status: 200 -- Response Time: 19.760 ms

2025-05-25T14:20:13.334Z [32minfo[39m: 	Type: OPTIONS -- Request: {} -- URL: http://localhost:4003/genai-explorations/data-extractor/extract -- Status: 204 -- Response Time: 0.652 ms

2025-05-25T14:20:13.337Z [32minfo[39m: 	ENTRY:: extractDocContent EID
2025-05-25T14:20:13.337Z [32minfo[39m: 	extractDocContent EID imagePath /Users/kiranjoshi/Documents/Kiran/projects/genai-explorations/genai-explorations-be/assets/eid/ filename 1748182810619-EID_Suleman_3.jpg filePath /Users/kiranjoshi/Documents/Kiran/projects/genai-explorations/genai-explorations-be/assets/eid/1748182810619-EID_Suleman_3.jpg
2025-05-25T14:20:15.867Z [32minfo[39m: 	tessaract result ERT Tr Tr re RRR
SS SSS SN CT
UNITED ARAB EMIRATES poy Elciisialliniiy
Baononommiomee [fll Lids hE 4
SINAN CZ (A OH
Pa AVA Rastdent identity Card BAIA Ip
SS RN Soa A
oN ANG x talon
SIN ID Number 453 4 NSIS:

2 784-1991-7209408-0 NS SSRN 1
= is hi
77 Name: Suleman Ahmad Munawar Ahmad | i

; Date of Birth: 19/04/1991 GNA Raa)
NAR SEN p hy hand
SS ~ Nationality: Pakistan RSA

J obthed Issuing Date | Jue¥l 225 : 2

RO STN ame 18/01/2024 SN

Seno Expiry Date fs = ;
2 J SNAUre | ph 17012026 ~Sexim.

2025-05-25T14:20:15.868Z [32minfo[39m: 	ENTRY:: extractData doctype EID
2025-05-25T14:20:18.855Z [32minfo[39m: 	Open AI response {
  "full_name": "Suleman Ahmad Munawar Ahmad",
  "nationality": "Pakistan",
  "gender": "",
  "date_of_birth": "1991-04-19",
  "id_number": "784-1991-7209408-0",
  "expiry_date": "2026-01-17",
  "issue_date": "2024-01-18"
}
2025-05-25T14:20:18.855Z [32minfo[39m: 	EXIT:: extractDocContent EID
2025-05-25T14:20:18.856Z [32minfo[39m: 	Type: POST -- Request: {"doctype":"EID","filename":"1748182810619-EID_Suleman_3.jpg"} -- URL: http://localhost:4003/genai-explorations/data-extractor/extract -- Status: 200 -- Response Time: 5520.512 ms

